
SET SQL_MODE = "NO_AUTO_VALUE_ON_ZERO";
SET time_zone = "+00:00";


CREATE TABLE `settings` (
  `id` int(9) unsigned NOT NULL AUTO_INCREMENT,
  `code` varchar(255),
  `setting_key` varchar(255),
  `setting` longtext,
  PRIMARY KEY (`id`)
) ENGINE=InnoDB AUTO_INCREMENT=0 DEFAULT CHARSET=utf8;


--
-- Table structure for table `audit_tbl`
--

CREATE TABLE `audit_tbl` (
  `A_id` int(10) unsigned NOT NULL,
  `A_book` tinyint(3) unsigned NOT NULL,
  `A_action` tinyint(3) unsigned NOT NULL,
  `A_p_id` int(10) unsigned NOT NULL,
  `A_remark` varchar(300) COLLATE utf8_unicode_ci NOT NULL,
  `A_user` int(10) unsigned NOT NULL,
  `A_date` datetime NOT NULL
) ENGINE=InnoDB DEFAULT CHARSET=utf8 COLLATE=utf8_unicode_ci;

--
-- Dumping data for table `audit_tbl`
--

INSERT INTO `audit_tbl` (`A_id`, `A_book`, `A_action`, `A_p_id`, `A_remark`, `A_user`, `A_date`) VALUES
(15811, 26, 22, 15811, 'Added:Reg15811', 158, '2015-08-01 07:33:48'),
(15812, 28, 22, 15811, '30', 2, '2015-08-01 07:36:01'),
(15813, 26, 25, 157311, 'Report Available TO Delivered', 158, '2015-08-01 07:58:27'),
(15814, 26, 22, 15812, 'Added:Reg15812', 158, '2015-08-01 08:08:41'),
(15815, 27, 24, 15812, 'Cancelled:Complete Haemogram (Reason:wrong, Refunded BAL Rs. 100)', 2, '2015-08-01 14:13:48'),
(15816, 27, 22, 15813, 'Added:Blood Grouping (Reason:wrong entry, ED/15812)', 2, '2015-08-01 14:14:06'),
(15817, 26, 25, 15812, 'Pending TO Report Available', 1510, '2015-08-01 14:19:11'),
(15818, 26, 22, 15813, 'Added:Reg15813', 1510, '2015-08-01 16:06:41'),
(15819, 26, 22, 15814, 'Added:Reg15814', 1510, '2015-08-01 16:11:15'),
(15821, 27, 22, 15821, 'Added:Sugar (PP) (Reason:worng entry, ED/15811)', 2, '2015-08-02 09:47:50'),
(15822, 26, 23, 15811, 'Edited: ED/15811 (Reason:', 2, '2015-08-02 09:48:03'),
(15823, 28, 23, 15811, '30', 2, '2015-08-02 09:48:46'),
(15824, 28, 23, 15811, '30', 2, '2015-08-02 09:49:05'),
(15825, 28, 23, 15811, '30', 2, '2015-08-02 09:50:48'),
(15826, 26, 23, 1573015, 'Edited: ED/1573015 (Reason:', 2, '2015-08-02 12:04:41'),
(15831, 26, 22, 15831, 'Added:Reg15831', 158, '2015-08-03 06:46:17'),
(15832, 28, 22, 15832, '30', 2, '2015-08-03 06:50:46'),
(15833, 26, 25, 15831, 'Pending TO Pending', 158, '2015-08-03 09:25:19'),
(15834, 26, 25, 15831, 'Pending TO Pending', 158, '2015-08-03 09:25:19'),
(15835, 26, 22, 15832, 'Added:Reg15832', 1510, '2015-08-03 13:31:04'),
(15836, 26, 25, 15832, 'Pending TO Delivered', 157, '2015-08-03 14:23:28'),
(15837, 26, 25, 15831, 'Pending TO Report Available', 157, '2015-08-03 14:27:56'),
(15838, 26, 25, 15811, 'Pending TO Report Available', 157, '2015-08-03 15:35:32'),
(15839, 26, 25, 15813, 'Pending TO Delivered', 157, '2015-08-03 15:37:03'),
(15841, 26, 22, 15841, 'Added:Reg15841', 158, '2015-08-04 08:29:01'),
(15842, 26, 22, 15842, 'Added:Reg15842', 158, '2015-08-04 09:39:09'),
(15843, 26, 22, 15843, 'Added:Reg15843', 158, '2015-08-04 10:25:04'),
(15844, 26, 22, 15844, 'Added:Reg15844', 1510, '2015-08-04 14:16:41'),
(15845, 26, 22, 15845, 'Added:Reg15845', 1510, '2015-08-04 14:28:57'),
(15846, 29, 23, 31, '', 2, '2015-08-04 14:34:24'),
(15847, 26, 25, 15844, 'Pending TO Report Available', 1510, '2015-08-04 16:33:47'),
(15848, 26, 25, 15845, 'Pending TO Report Available', 1510, '2015-08-04 16:33:58'),
(15849, 26, 25, 15845, 'Report Available TO Delivered', 1510, '2015-08-04 16:58:54'),
(15871, 26, 25, 15841, 'Report Available TO Delivered', 1510, '2015-08-07 09:50:23'),
(15872, 27, 22, 15871, 'Added:Glycosylated (HBA 1C) (Reason:wrong entry, ED/15832)', 2, '2015-08-07 11:39:31'),
(15873, 26, 22, 15871, 'Added:Reg15871', 1510, '2015-08-07 11:57:26'),
(15874, 26, 23, 157303, 'Edited: ED/157303 (Reason:', 2, '2015-08-07 15:00:26'),
(15875, 26, 23, 157304, 'Edited: ED/157304 (Reason:', 2, '2015-08-07 15:02:02'),
(15876, 26, 23, 1573022, 'Edited: ED/1573022 (Reason:', 2, '2015-08-07 15:02:57'),
(15877, 26, 4, 15871, 'wrong entry', 2, '2015-08-07 15:56:35'),
(15881, 26, 22, 15881, 'Added:Reg15881', 158, '2015-08-08 12:04:09'),
(15882, 26, 23, 15881, 'Edited: ED/15881 (Reason:', 2, '2015-08-08 12:06:44'),
(15883, 26, 4, 157263, 'wrong entry', 2, '2015-08-08 12:53:30'),
(15884, 26, 4, 157262, 'wrong entry', 2, '2015-08-08 12:53:51'),
(15885, 26, 23, 15871, 'Edited: ED/15871 (Reason:', 2, '2015-08-08 13:07:32'),
(15886, 26, 23, 1573017, 'Edited: ED/1573017 (Reason:', 2, '2015-08-08 13:23:50'),
(15887, 26, 22, 15882, 'Added:Reg15882', 1510, '2015-08-08 15:44:58'),
(15888, 26, 22, 15883, 'Added:Reg15883', 1510, '2015-08-08 15:59:35'),
(15889, 26, 22, 15884, 'Added:Reg15884', 1510, '2015-08-08 16:03:55'),
(15891, 26, 25, 15881, 'Pending TO Delivered', 1510, '2015-08-09 11:40:23'),
(15892, 26, 22, 15891, 'Added:Reg15891', 1510, '2015-08-09 17:07:27'),
(15911, 26, 22, 15911, 'Added:Reg15911', 158, '2015-09-01 14:08:48'),
(15912, 26, 23, 15911, 'Edited: Registration # ED/15911 (Reason:', 2, '2015-09-01 14:10:58'),
(15913, 26, 23, 15911, 'Edited: Registration # ED/15911 (Reason:', 2, '2015-09-01 14:13:21'),
(15914, 26, 23, 15911, 'Edited: Registration # ED/15911 (Reason:', 2, '2015-09-01 14:14:12'),
(15915, 36, 23, 158221, 'Reset Total Paid :880 (Reason:full payment)', 2, '2015-09-01 14:27:35'),
(15916, 26, 25, 158271, 'Pending TO Delivered', 158, '2015-09-01 14:33:38'),
(15917, 26, 25, 158291, 'Pending TO Delivered', 158, '2015-09-01 14:33:43'),
(15918, 26, 25, 158292, 'Pending TO Delivered', 158, '2015-09-01 14:33:48'),
(15919, 26, 25, 158301, 'Pending TO Delivered', 158, '2015-09-01 14:33:53'),
(15931, 26, 22, 15931, 'Added:Reg15931', 1510, '2015-09-03 10:39:23'),
(15932, 26, 22, 15932, 'Added:Reg15932', 1510, '2015-09-03 10:42:53'),
(15933, 26, 25, 15911, 'Pending TO Delivered', 1510, '2015-09-03 10:44:19'),
(15934, 26, 25, 15912, 'Pending TO Delivered', 1510, '2015-09-03 10:44:25'),
(15935, 26, 25, 15913, 'Pending TO Delivered', 1510, '2015-09-03 10:44:31'),
(15936, 26, 25, 158121, 'Pending TO Delivered', 1510, '2015-09-03 10:44:52'),
(15937, 26, 22, 15933, 'Added:Reg15933', 1510, '2015-09-03 17:25:55'),
(15938, 26, 22, 15934, 'Added:Reg15934', 1510, '2015-09-03 17:33:27'),
(15939, 27, 24, 15933, 'Cancelled:Haemoglobin (Price: 80.00 Reason:wrong entry)', 2, '2015-09-03 17:39:15'),
(15941, 36, 23, 157301, 'Reset Total Paid :1550 (Reason:payment due update)', 2, '2015-09-04 12:55:43'),
(15942, 26, 23, 1573023, 'Edited: Registration # 1573023 (Reason:wrong update)', 2, '2015-09-04 13:02:24'),
(15943, 26, 23, 1573025, 'Edited: Registration # 1573025 (Reason:wrong entry)', 2, '2015-09-04 13:03:15'),
(15944, 26, 23, 1573027, 'Edited: Registration # 1573027 (Reason:wrong entry)', 2, '2015-09-04 13:06:11'),
(15945, 26, 23, 157273, 'Edited: Registration # 157273 (Reason:wrong entry)', 2, '2015-09-04 13:08:14'),
(15946, 26, 23, 1573023, 'Edited: Registration # 1573023 (Reason:wrong entry)', 2, '2015-09-04 13:10:09'),
(15947, 26, 22, 49151, 'Registration ID : 49151, Received Rs. : 430', 1510, '2015-09-04 13:51:39'),
(15948, 26, 22, 49152, 'Registration ID : 49152, Received Rs. : 1650', 1510, '2015-09-04 13:58:25'),
(15949, 26, 25, 49152, 'All Status TO : Report Available (Registration # :49152)', 1510, '2015-09-04 16:53:36'),
(15971, 26, 22, 79151, 'Registration ID : 79151, Received Rs. : 0.00', 1510, '2015-09-07 09:48:25'),
(15972, 26, 22, 79151, 'Discount Added:Rs.10 (Registration #: 79151)', 2, '2015-09-07 09:51:53'),
(15973, 26, 22, 49151, 'Discount Added:Rs.80 (Registration #: 49151)', 2, '2015-09-07 12:19:22'),
(15974, 26, 25, 79151, 'All Status TO : Report Available (Registration # :79151)', 1510, '2015-09-07 15:28:51'),
(15981, 26, 22, 89151, 'Registration ID : 89151, Received Rs. : 1000', 1513, '2015-09-08 09:02:52'),
(15982, 26, 25, 79151, 'All Status TO : Delivered (Registration # :79151)', 1510, '2015-09-08 10:39:34'),
(15983, 26, 25, 49151, 'All Status TO : Delivered (Registration # :49151)', 1510, '2015-09-08 10:39:43'),
(15984, 26, 25, 49152, 'All Status TO : Delivered (Registration # :49152)', 1510, '2015-09-08 10:39:47'),
(15985, 26, 25, 15936, 'All Status TO : Delivered (Registration # :15936)', 1510, '2015-09-08 10:39:56'),
(15986, 26, 25, 15935, 'All Status TO : Delivered (Registration # :15935)', 1510, '2015-09-08 10:40:02'),
(15987, 26, 25, 15934, 'All Status TO : Delivered (Registration # :15934)', 1510, '2015-09-08 10:40:09'),
(15988, 26, 25, 15933, 'All Status TO : Delivered (Registration # :15933)', 1510, '2015-09-08 10:40:17'),
(15989, 26, 25, 15932, 'All Status TO : Delivered (Registration # :15932)', 1510, '2015-09-08 10:40:25'),
(15991, 26, 22, 99151, 'Registration ID : 99151, Received Rs. : 200', 1510, '2015-09-09 11:32:18'),
(15992, 26, 22, 99151, 'Discount Added:Rs.30 (Registration #: 99151)', 2, '2015-09-09 11:33:21'),
(15993, 26, 22, 99152, 'Registration ID : 99152, Received Rs. : 900', 1510, '2015-09-09 11:40:19'),
(15994, 26, 22, 99152, 'Discount Added:Rs.50 (Registration #: 99152)', 2, '2015-09-09 11:42:53'),
(15995, 26, 23, 99151, 'Edited Discount:Rs.50.00 (Registration #: 99151)', 2, '2015-09-09 11:43:48'),
(15996, 26, 22, 99153, 'Registration ID : 99153, Received Rs. : 800', 1510, '2015-09-09 12:35:48'),
(15997, 26, 22, 99154, 'Registration ID : 99154, Received Rs. : 200', 1510, '2015-09-09 12:37:58'),
(15998, 26, 22, 99155, 'Registration ID : 99155, Received Rs. : 1010', 1510, '2015-09-09 12:44:20'),
(15999, 27, 24, 99155, 'Cancelled:Thyroid Stimulating Hormone (Price: 260.00 Reason:wrong entry)', 2, '2015-09-09 12:51:43'),
(110152, 26, 22, 110151, 'Registration ID : 110151, Received Rs. : 0.00', 158, '2015-10-01 08:35:21'),
(110153, 26, 22, 110152, 'Registration ID : 110152, Received Rs. : 0.00', 158, '2015-10-01 08:36:55'),
(110154, 30, 22, 1510011, 'Expenditure ID : 1510011 ( Rs. 110)', 158, '2015-10-01 08:40:09'),
(110155, 30, 22, 1510012, 'Expenditure ID : 1510012 ( Rs. 110)', 158, '2015-10-01 08:41:15'),
(110156, 30, 22, 1510013, 'Expenditure ID : 1510013 ( Rs. 110)', 158, '2015-10-01 08:46:56'),
(110157, 26, 23, 110152, 'Edited: Registration # 110152 (Reason:date change)', 2, '2015-10-01 09:09:04'),
(110158, 26, 23, 110151, 'Edited: Registration # 110151 (Reason:date change)', 2, '2015-10-01 09:09:52'),
(151011, 26, 25, 2909153, 'All Status TO : Delivered (Registration # :2909153)', 158, '2015-10-01 08:31:36'),
(151019, 30, 23, 1510011, 'Updated on :  Date (New value : 09/29/2015)', 2, '2015-10-01 09:11:44'),
(151022, 26, 25, 110153, 'All Status TO : Delivered (Registration # :110153)', 158, '2015-10-02 09:12:16'),
(151023, 26, 25, 110154, 'All Status TO : Delivered (Registration # :110154)', 158, '2015-10-02 09:12:21'),
(151024, 26, 25, 110155, 'All Status TO : Delivered (Registration # :110155)', 158, '2015-10-02 09:12:25'),
(151025, 30, 33, 1510013, 'Expense Amount Rs.110.00', 2, '2015-10-02 10:10:47'),
(151027, 29, 23, 0, '', 2, '2015-10-02 11:38:31'),
(157261, 26, 22, 157261, 'Added:Reg ID : 157261', 157, '2015-07-26 14:21:47'),
(157262, 26, 22, 157262, 'Added:Reg157262', 157, '2015-07-26 14:24:55'),
(157263, 27, 25, 157261, 'Pending to Report Available', 157, '2015-07-26 14:26:19'),
(157264, 26, 22, 157263, 'Added:Reg ID : 157263', 157, '2015-07-26 14:28:19'),
(157265, 26, 25, 157261, 'Pending TO Report Available', 157, '2015-07-26 14:30:24'),
(157266, 26, 25, 157262, 'Pending TO Report Available', 157, '2015-07-26 14:30:32'),
(157267, 26, 25, 157263, 'Pending TO Report Available', 157, '2015-07-26 14:30:38'),
(157271, 26, 22, 157271, 'Added:Reg157271', 158, '2015-07-27 12:29:43'),
(157272, 26, 22, 157272, 'Added:Reg157272', 1510, '2015-07-27 12:45:20'),
(157273, 29, 23, 32, '', 2, '2015-07-27 12:53:52'),
(157274, 26, 22, 157273, 'Added:Reg157273', 158, '2015-07-27 14:40:15'),
(157275, 26, 4, 157261, 'wrong entry', 2, '2015-07-27 15:03:17'),
(157276, 26, 22, 157274, 'Added:Reg157274', 1510, '2015-07-27 17:40:20'),
(157277, 26, 22, 157275, 'Added:Reg157275', 1510, '2015-07-27 17:50:31'),
(157278, 26, 25, 157275, 'Pending TO Report Available', 1510, '2015-07-27 17:57:53'),
(157279, 26, 25, 157273, 'Pending TO Report Available', 1510, '2015-07-27 17:58:11'),
(157281, 27, 25, 157273, 'Pending to Report Available', 1510, '2015-07-28 11:32:08'),
(157282, 27, 25, 157272, 'Pending to Report Available', 1510, '2015-07-28 11:32:12'),
(157283, 26, 22, 157281, 'Added:Reg157281', 1510, '2015-07-28 12:28:58'),
(157284, 29, 23, 31, '', 2, '2015-07-28 12:30:25'),
(157285, 26, 23, 157281, 'Edited: ED/157281 (Reason:', 2, '2015-07-28 12:31:10'),
(157286, 26, 23, 157281, 'Edited: ED/157281 (Reason:', 2, '2015-07-28 12:35:21'),
(157287, 26, 25, 157281, 'Pending TO Delivered', 1510, '2015-07-28 18:41:14'),
(157288, 26, 25, 157272, 'Pending TO Report Available', 158, '2015-07-28 18:50:07'),
(157291, 26, 22, 157291, 'Added:Reg157291', 1510, '2015-07-29 10:57:14'),
(157292, 26, 22, 157292, 'Added:Reg157292', 158, '2015-07-29 11:40:25'),
(157293, 26, 22, 157293, 'Added:Reg157293', 158, '2015-07-29 11:44:19'),
(157294, 28, 22, 157292, '30', 2, '2015-07-29 11:52:28'),
(157301, 26, 25, 157293, 'Pending TO Report Available', 157, '2015-07-30 14:51:11'),
(157302, 26, 25, 157292, 'Pending TO Report Available', 157, '2015-07-30 14:51:13'),
(157303, 26, 25, 157291, 'Pending TO Report Available', 157, '2015-07-30 14:51:19'),
(157304, 26, 25, 157271, 'Pending TO Report Available', 157, '2015-07-30 14:52:04'),
(157305, 26, 22, 157301, 'Added:Reg157301', 1510, '2015-07-30 15:40:13'),
(157306, 26, 22, 157302, 'Added:Reg157302', 1510, '2015-07-30 15:44:45'),
(157307, 26, 22, 157303, 'Added:Reg157303', 1510, '2015-07-30 15:47:23'),
(157308, 26, 22, 157304, 'Added:Reg ID : 157304', 1510, '2015-07-30 15:52:19'),
(157309, 26, 22, 157305, 'Added:Reg157305', 1510, '2015-07-30 15:57:06'),
(157311, 26, 22, 157311, 'Added:Reg157311', 157, '2015-07-31 11:45:28'),
(157312, 28, 22, 1573113, '30', 2, '2015-07-31 11:47:52'),
(157313, 26, 25, 157311, 'Pending TO Report Available', 157, '2015-07-31 18:11:04'),
(158101, 26, 22, 158101, 'Added:Reg158101', 1510, '2015-08-10 11:43:11'),
(158102, 26, 22, 158102, 'Added:Reg158102', 1510, '2015-08-10 12:23:47'),
(158103, 26, 25, 15871, 'Pending TO Delivered', 1510, '2015-08-10 12:36:10'),
(158104, 26, 25, 15882, 'Pending TO Delivered', 1510, '2015-08-10 12:36:17'),
(158105, 26, 25, 15883, 'Pending TO Delivered', 1510, '2015-08-10 12:36:23'),
(158106, 26, 25, 15884, 'Pending TO Delivered', 1510, '2015-08-10 12:36:32'),
(158107, 26, 25, 15891, 'Pending TO Delivered', 1510, '2015-08-10 12:36:57'),
(158108, 26, 22, 158103, 'Added:Reg158103', 1510, '2015-08-10 16:46:07'),
(158109, 27, 22, 1581011, 'Added:Sugar (PP) (Reason:WRONG investigation, ED/158103)', 2, '2015-08-10 17:21:30'),
(158111, 26, 22, 158111, 'Added:Reg158111', 158, '2015-08-11 07:49:27'),
(158112, 29, 23, 31, '', 2, '2015-08-11 07:56:17'),
(158113, 26, 25, 158104, 'Pending TO Report Available', 158, '2015-08-11 10:10:31'),
(158114, 26, 25, 158103, 'Pending TO Report Available', 158, '2015-08-11 10:10:34'),
(158115, 26, 22, 158112, 'Added:Reg158112', 1510, '2015-08-11 11:51:44'),
(158116, 27, 22, 158115, 'Added:Blood RE (Reason:ad investigation, ED/158112)', 2, '2015-08-11 14:26:56'),
(158117, 28, 22, 158111, '30', 2, '2015-08-11 18:12:45'),
(158121, 26, 25, 158102, 'Pending TO Delivered', 1510, '2015-08-12 17:42:53'),
(158122, 26, 25, 158111, 'Pending TO Delivered', 1510, '2015-08-12 17:42:57'),
(158123, 26, 25, 158112, 'Pending TO Delivered', 1510, '2015-08-12 17:43:01'),
(158124, 26, 22, 158121, 'Added:Reg158121', 1510, '2015-08-12 17:46:12'),
(158131, 26, 22, 158131, 'Added:Reg158131', 158, '2015-08-13 08:01:06'),
(158132, 26, 22, 158132, 'Added:Reg158132', 158, '2015-08-13 11:04:35'),
(158133, 26, 22, 158133, 'Added:Reg158133', 1510, '2015-08-13 16:56:58'),
(158134, 26, 25, 158131, 'Pending TO Delivered', 1510, '2015-08-13 16:58:53'),
(158135, 29, 23, 31, '', 2, '2015-08-13 18:42:37'),
(158136, 26, 25, 158104, 'Report Available TO Delivered', 1510, '2015-08-13 18:46:09'),
(158137, 26, 25, 158103, 'Report Available TO Delivered', 1510, '2015-08-13 18:46:22'),
(158141, 26, 22, 158141, 'Added:Reg158141', 1510, '2015-08-14 11:33:31'),
(158142, 26, 22, 158142, 'Added:Reg ID : 158142', 1510, '2015-08-14 13:42:49'),
(158143, 26, 22, 158143, 'Added:Reg158143', 1510, '2015-08-14 14:03:56'),
(158144, 26, 25, 158141, 'Pending TO Report Available', 158, '2015-08-14 15:33:31'),
(158145, 26, 25, 158142, 'Pending TO Report Available', 158, '2015-08-14 15:33:39'),
(158146, 26, 25, 158143, 'Pending TO Report Available', 158, '2015-08-14 15:33:49'),
(158147, 26, 25, 158101, 'Pending TO Report Available', 158, '2015-08-14 15:34:05'),
(158148, 26, 25, 158143, 'Report Available TO Delivered', 1510, '2015-08-14 18:13:09'),
(158149, 26, 25, 158142, 'Report Available TO Delivered', 1510, '2015-08-14 18:13:26'),
(158151, 26, 22, 158151, 'Added:Reg158151', 1510, '2015-08-15 10:55:17'),
(158152, 28, 22, 158151, '30', 2, '2015-08-15 14:51:18'),
(158171, 26, 25, 158151, 'Pending TO Report Available', 1510, '2015-08-17 13:06:53'),
(158172, 26, 25, 158132, 'Pending TO Report Available', 1510, '2015-08-17 13:07:21'),
(158173, 26, 25, 158133, 'Pending TO Delivered', 1510, '2015-08-17 13:07:32'),
(158174, 26, 25, 158101, 'Report Available TO Delivered', 1510, '2015-08-17 13:08:01'),
(158181, 26, 22, 158181, 'Added:Reg158181', 1510, '2015-08-18 09:59:11'),
(158182, 26, 22, 158182, 'Added:Reg158182', 1510, '2015-08-18 10:02:40'),
(158183, 26, 22, 158183, 'Added:Reg158183', 1510, '2015-08-18 10:04:09'),
(158184, 28, 22, 158182, '30', 2, '2015-08-18 10:09:49'),
(158185, 28, 22, 158183, '30', 2, '2015-08-18 10:10:52'),
(158186, 28, 22, 158184, '30', 2, '2015-08-18 10:12:09'),
(158187, 26, 22, 158184, 'Added:Reg158184', 1510, '2015-08-18 11:29:16'),
(158188, 29, 23, 31, '', 2, '2015-08-18 15:44:57'),
(158189, 26, 25, 158181, 'Pending TO Delivered', 158, '2015-08-18 16:05:36'),
(158191, 29, 23, 31, '', 2, '2015-08-19 11:08:19'),
(158192, 26, 23, 15871, 'Edited: ED/15871 (Reason:', 2, '2015-08-19 11:10:24'),
(158193, 26, 23, 158184, 'Edited: ED/158184 (Reason:', 2, '2015-08-19 11:12:22'),
(158194, 26, 25, 158182, 'Pending TO Delivered', 158, '2015-08-19 11:16:25'),
(158195, 26, 25, 158183, 'Pending TO Delivered', 158, '2015-08-19 11:16:29'),
(158196, 26, 25, 158184, 'Pending TO Delivered', 158, '2015-08-19 11:16:34'),
(158201, 26, 22, 158201, 'Added:Reg158201', 158, '2015-08-20 08:38:47'),
(158202, 26, 22, 158202, 'Added:Reg158202', 158, '2015-08-20 08:49:31'),
(158203, 26, 22, 158203, 'Added:Reg158203', 1510, '2015-08-20 09:44:30'),
(158204, 26, 22, 158204, 'Added:Reg158204', 1510, '2015-08-20 09:47:46'),
(158205, 26, 22, 158205, 'Added:Reg158205', 1510, '2015-08-20 18:00:32'),
(158211, 26, 22, 158211, 'Added:Reg158211', 158, '2015-08-21 09:13:22'),
(158212, 29, 23, 31, '', 2, '2015-08-21 12:53:58'),
(158213, 27, 22, 158216, 'Added:Complete Haemogram (Reason:wrong entry, ED/158205)', 2, '2015-08-21 12:55:41'),
(158214, 26, 22, 158212, 'Added:Reg158212', 1510, '2015-08-21 13:01:25'),
(158215, 27, 24, 158213, 'Cancelled:T4 (Reason:wrong, Refunded BAL Rs. 80)', 2, '2015-08-21 13:52:06'),
(158216, 27, 22, 158218, 'Added:Triglyceride (Reason:wrong entry, ED/158211)', 2, '2015-08-21 13:55:50'),
(158217, 26, 23, 158211, 'Edited: ED/158211 (Reason:', 2, '2015-08-21 13:55:56'),
(158218, 29, 23, 31, '', 2, '2015-08-21 15:35:35'),
(158219, 26, 22, 158213, 'Added:Reg158213', 1510, '2015-08-21 17:25:27'),
(158221, 26, 22, 158221, 'Added:Reg158221', 158, '2015-08-22 07:53:43'),
(158222, 26, 25, 158132, 'Report Available TO Delivered', 1510, '2015-08-22 14:36:13'),
(158223, 26, 25, 158141, 'Report Available TO Delivered', 1510, '2015-08-22 14:36:27'),
(158224, 26, 25, 158151, 'Report Available TO Delivered', 1510, '2015-08-22 14:36:39'),
(158225, 26, 25, 158201, 'Pending TO Delivered', 1510, '2015-08-22 14:36:52'),
(158226, 26, 25, 158202, 'Pending TO Delivered', 1510, '2015-08-22 14:37:00'),
(158227, 26, 25, 158203, 'Pending TO Delivered', 1510, '2015-08-22 14:37:07'),
(158228, 26, 25, 158204, 'Pending TO Delivered', 1510, '2015-08-22 14:37:12'),
(158229, 26, 25, 158205, 'Pending TO Delivered', 1510, '2015-08-22 14:37:24'),
(158241, 36, 23, 1573027, 'Reset Total Paid :0.00 (Reason:wrong entry)', 2, '2015-08-24 11:08:24'),
(158242, 26, 25, 158212, 'Pending TO Delivered', 1510, '2015-08-24 12:50:41'),
(158243, 26, 25, 158213, 'Pending TO Delivered', 1510, '2015-08-24 12:50:48'),
(158244, 26, 25, 158214, 'Pending TO Delivered', 1510, '2015-08-24 12:50:51'),
(158245, 36, 23, 157274, 'Reset Total Paid :0.00 (Reason:wrong entry)', 2, '2015-08-24 15:06:33'),
(158246, 36, 23, 157275, 'Reset Total Paid :0.00 (Reason:wrong entry)', 2, '2015-08-24 15:07:03'),
(158247, 36, 23, 1573023, 'Reset Total Paid :0.00 (Reason:wrong entry)', 2, '2015-08-24 15:07:46'),
(158248, 36, 23, 1573025, 'Reset Total Paid :0.00 (Reason:wrong entry)', 2, '2015-08-24 15:08:41'),
(158249, 36, 23, 1573027, 'Reset Total Paid :0.00 (Reason:wrong entry)', 2, '2015-08-24 15:09:08'),
(158251, 36, 23, 158212, 'Reset Total Paid :400 (Reason:change due)', 2, '2015-08-25 09:09:35'),
(158252, 26, 22, 158251, 'Added:Reg158251', 158, '2015-08-25 09:18:02'),
(158253, 26, 22, 158252, 'Added:Reg158252', 158, '2015-08-25 09:23:23'),
(158254, 26, 22, 158253, 'Added:Reg158253', 158, '2015-08-25 10:49:20'),
(158255, 26, 22, 158254, 'Added:Reg158254', 158, '2015-08-25 11:04:31'),
(158256, 29, 23, 0, '', 2, '2015-08-25 12:59:07'),
(158271, 26, 25, 158251, 'Pending TO Delivered', 1510, '2015-08-27 12:09:20'),
(158272, 26, 25, 158252, 'Pending TO Delivered', 1510, '2015-08-27 12:09:28'),
(158273, 26, 25, 158253, 'Pending TO Delivered', 1510, '2015-08-27 12:09:31'),
(158274, 26, 25, 158254, 'Pending TO Delivered', 1510, '2015-08-27 12:09:35'),
(158275, 26, 22, 158271, 'Added:Reg158271', 1510, '2015-08-27 15:58:45'),
(158291, 26, 22, 158291, 'Added:Reg158291', 158, '2015-08-29 13:20:25'),
(158292, 36, 23, 158291, 'Reset Total Paid :1580 (Reason:wrong entry)', 2, '2015-08-29 13:26:50'),
(158293, 26, 22, 158292, 'Added:Reg158292', 1510, '2015-08-29 17:45:51'),
(158301, 26, 22, 158301, 'Added:Reg158301', 158, '2015-08-30 09:06:22'),
(158310, 26, 25, 15814, 'Pending TO Delivered', 157, '2015-08-03 15:37:06'),
(158311, 26, 25, 1573028, 'Pending TO Delivered', 157, '2015-08-03 15:39:14'),
(158312, 26, 25, 15811, 'Report Available TO Delivered', 1510, '2015-08-03 16:53:03'),
(158313, 26, 25, 15812, 'Report Available TO Delivered', 1510, '2015-08-03 16:53:07'),
(158314, 26, 25, 15831, 'Report Available TO Delivered', 1510, '2015-08-03 16:53:17'),
(158410, 26, 25, 15844, 'Report Available TO Delivered', 1510, '2015-08-04 16:58:59'),
(158411, 26, 25, 15843, 'Pending TO Delivered', 1510, '2015-08-04 17:28:23'),
(158412, 26, 25, 15842, 'Pending TO Delivered', 1510, '2015-08-04 17:29:01'),
(158413, 26, 25, 15841, 'Pending TO Report Available', 1510, '2015-08-04 17:29:25'),
(158414, 26, 4, 15842, 'duplicate entry', 2, '2015-08-04 17:40:50'),
(158615, 28, 22, 15863, '30', 2, '2015-08-06 07:54:21'),
(158616, 28, 22, 15864, '30', 2, '2015-08-06 07:56:39'),
(159101, 26, 25, 99151, 'All Status TO : Delivered (Registration # :99151)', 1510, '2015-09-10 12:33:46'),
(159102, 26, 25, 99152, 'All Status TO : Delivered (Registration # :99152)', 1510, '2015-09-10 12:33:50'),
(159103, 26, 25, 99153, 'All Status TO : Delivered (Registration # :99153)', 1510, '2015-09-10 12:33:54'),
(159104, 26, 25, 99154, 'All Status TO : Delivered (Registration # :99154)', 1510, '2015-09-10 12:33:58'),
(159105, 26, 25, 99155, 'All Status TO : Delivered (Registration # :99155)', 1510, '2015-09-10 12:34:05'),
(159106, 26, 22, 109151, 'Registration ID : 109151, Received Rs. : 100', 158, '2015-09-10 16:01:15'),
(159107, 26, 22, 109152, 'Registration ID : 109152, Received Rs. : 90', 158, '2015-09-10 16:03:24'),
(159108, 26, 22, 109153, 'Registration ID : 109153, Received Rs. : 90', 158, '2015-09-10 16:04:54'),
(159109, 26, 22, 109154, 'Registration ID : 109154, Received Rs. : 90', 158, '2015-09-10 16:06:33'),
(159110, 26, 22, 15912, 'Added:Reg15912', 158, '2015-09-01 15:22:03'),
(159111, 26, 22, 15913, 'Added:Reg15913', 158, '2015-09-01 15:23:01'),
(159112, 26, 23, 15912, 'Edited: Registration # ED/15912 (Reason:', 2, '2015-09-01 15:23:58'),
(159113, 28, 22, 15911, '30', 2, '2015-09-01 15:24:20'),
(159114, 26, 23, 15913, 'Edited: Registration # ED/15913 (Reason:', 2, '2015-09-01 15:24:52'),
(159115, 36, 23, 15871, 'Reset Total Paid :490 (Reason:payment clear)', 2, '2015-09-01 16:30:58'),
(159121, 26, 22, 129151, 'Registration ID : 129151, Received Rs. : 480', 158, '2015-09-12 07:51:48'),
(159122, 26, 22, 129152, 'Registration ID : 129152, Received Rs. : 430', 158, '2015-09-12 08:04:53'),
(159123, 26, 23, 129152, 'Edited: Registration # 129152 (Reason:date correction)', 2, '2015-09-12 08:13:18'),
(159124, 26, 22, 129153, 'Registration ID : 129153, Received Rs. : 550', 158, '2015-09-12 08:39:56'),
(159125, 26, 22, 129154, 'Registration ID : 129154, Received Rs. : 430', 158, '2015-09-12 08:57:08'),
(159126, 26, 22, 129155, 'Registration ID : 129155, Received Rs. : 90', 1510, '2015-09-12 17:14:11'),
(159127, 26, 22, 129156, 'Registration ID : 129156, Received Rs. : 90', 1510, '2015-09-12 17:16:59'),
(159128, 26, 22, 129157, 'Registration ID : 129157, Received Rs. : 340', 1510, '2015-09-12 17:19:43'),
(159131, 26, 25, 89151, 'All Status TO : Delivered (Registration # :89151)', 1510, '2015-09-13 10:15:30'),
(159132, 26, 25, 89152, 'All Status TO : Delivered (Registration # :89152)', 1510, '2015-09-13 10:15:35'),
(159133, 26, 25, 89153, 'All Status TO : Delivered (Registration # :89153)', 1510, '2015-09-13 10:15:40'),
(159134, 26, 25, 109151, 'All Status TO : Delivered (Registration # :109151)', 1510, '2015-09-13 10:16:37'),
(159135, 26, 25, 109152, 'All Status TO : Delivered (Registration # :109152)', 1510, '2015-09-13 10:16:43'),
(159136, 26, 25, 109153, 'All Status TO : Delivered (Registration # :109153)', 1510, '2015-09-13 10:16:48'),
(159137, 26, 25, 109154, 'All Status TO : Delivered (Registration # :109154)', 1510, '2015-09-13 10:16:51'),
(159138, 26, 25, 129151, 'All Status TO : Delivered (Registration # :129151)', 1510, '2015-09-13 10:18:36'),
(159139, 26, 25, 129152, 'All Status TO : Delivered (Registration # :129152)', 1510, '2015-09-13 10:18:40'),
(159141, 30, 22, 159141, 'Expenditure ID : 159141 ( Rs. 30)', 1510, '2015-09-14 10:43:05'),
(159142, 30, 22, 159142, 'Expenditure ID : 159142 ( Rs. 420)', 1510, '2015-09-14 10:48:48'),
(159143, 30, 33, 15991, 'Expense Amount Rs.260.00', 2, '2015-09-14 16:12:11'),
(159144, 30, 33, 15912, 'Expense Amount Rs.20.00', 2, '2015-09-14 16:12:19'),
(159152, 26, 25, 129155, 'All Status TO : Delivered (Registration # :129155)', 1510, '2015-09-15 13:19:22'),
(159153, 26, 25, 129156, 'All Status TO : Delivered (Registration # :129156)', 1510, '2015-09-15 13:19:30'),
(159154, 26, 25, 129157, 'All Status TO : Delivered (Registration # :129157)', 1510, '2015-09-15 13:19:34'),
(159216, 27, 24, 129154, 'Cancelled:Stool Culture & Sensitivity (Price: 430.00 Reason:wrong entry)', 2, '2015-09-21 16:34:56'),
(159234, 26, 25, 1509151, 'All Status TO : Delivered (Registration # :1509151)', 1510, '2015-09-23 11:38:39'),
(159235, 26, 25, 1609151, 'All Status TO : Delivered (Registration # :1609151)', 1510, '2015-09-23 11:38:44'),
(159236, 26, 25, 1809151, 'All Status TO : Delivered (Registration # :1809151)', 1510, '2015-09-23 11:38:48'),
(159237, 26, 25, 2109151, 'All Status TO : Delivered (Registration # :2109151)', 1510, '2015-09-23 11:38:56'),
(159238, 26, 25, 2109152, 'All Status TO : Delivered (Registration # :2109152)', 1510, '2015-09-23 11:39:00'),
(159239, 26, 25, 2109153, 'All Status TO : Delivered (Registration # :2109153)', 1510, '2015-09-23 11:39:10'),
(159252, 26, 25, 2309151, 'All Status TO : Delivered (Registration # :2309151)', 1510, '2015-09-25 10:23:32'),
(159253, 26, 25, 2309152, 'All Status TO : Delivered (Registration # :2309152)', 1510, '2015-09-25 10:23:38'),
(159254, 26, 25, 2309153, 'All Status TO : Delivered (Registration # :2309153)', 1510, '2015-09-25 10:23:42'),
(159255, 26, 25, 2309154, 'All Status TO : Delivered (Registration # :2309154)', 1510, '2015-09-25 10:23:47'),
(159257, 30, 33, 1509243, 'Expense Amount Rs.1000.00', 2, '2015-09-25 15:11:47'),
(159296, 26, 25, 2709151, 'All Status TO : Delivered (Registration # :2709151)', 158, '2015-09-29 09:39:34'),
(159297, 26, 25, 2709152, 'All Status TO : Delivered (Registration # :2709152)', 158, '2015-09-29 09:39:40'),
(159299, 26, 25, 2909152, 'All Status TO : Delivered (Registration # :2909152)', 158, '2015-09-29 16:22:40'),
(159310, 27, 24, 15933, 'Cancelled:Haemoglobin (Refunded Rs. 00)', 2, '2015-09-03 17:39:15'),
(159311, 27, 22, 15936, 'Added:HBsAg (Reason:wrong entry, ED/15933)', 2, '2015-09-03 17:40:09'),
(159312, 36, 23, 15933, 'Reset Total Paid :730 (Reason:wrong entry)', 2, '2015-09-03 17:40:38'),
(159313, 36, 23, 15933, 'Reset Total Paid :730 (Reason:wrong entry)', 2, '2015-09-03 17:41:11'),
(159314, 26, 22, 15935, 'Added:Reg15935', 158, '2015-09-03 17:46:15'),
(159315, 26, 22, 15936, 'Added:Reg15936', 158, '2015-09-03 17:48:24'),
(159316, 30, 33, 15811, 'Expense Amount Rs.0.00', 2, '2015-09-03 19:28:42'),
(159317, 30, 33, 158184, 'Expense Amount Rs.0.00', 2, '2015-09-03 19:29:11'),
(159318, 30, 33, 158183, 'Expense Amount Rs.0.00', 2, '2015-09-03 19:29:18'),
(159319, 30, 33, 158182, 'Expense Amount Rs.0.00', 2, '2015-09-03 19:29:27'),
(159320, 30, 33, 157293, 'Expense Amount Rs.20.00', 2, '2015-09-03 19:29:47'),
(159321, 30, 33, 15931, 'Expense Amount Rs.0.00', 2, '2015-09-03 19:29:59'),
(159322, 30, 33, 15882, 'Expense Amount Rs.0.00', 2, '2015-09-03 19:30:11'),
(159323, 30, 33, 15844, 'Expense Amount Rs.0.00', 2, '2015-09-03 19:30:27'),
(159324, 30, 33, 15872, 'Expense Amount Rs.0.00', 2, '2015-09-03 19:30:38'),
(159325, 30, 33, 15883, 'Expense Amount Rs.0.00', 2, '2015-09-03 19:30:48'),
(159326, 30, 33, 15884, 'Expense Amount Rs.0.00', 2, '2015-09-03 19:30:58'),
(159410, 26, 25, 49151, 'All Status TO : Report Available (Registration # :49151)', 1510, '2015-09-04 16:53:40'),
(159411, 26, 25, 15936, 'All Status TO : Report Available (Registration # :15936)', 1510, '2015-09-04 16:53:43'),
(159412, 26, 25, 15935, 'All Status TO : Report Available (Registration # :15935)', 1510, '2015-09-04 16:53:46'),
(159413, 26, 25, 15934, 'All Status TO : Report Available (Registration # :15934)', 1510, '2015-09-04 16:53:49'),
(159414, 26, 25, 15933, 'All Status TO : Report Available (Registration # :15933)', 1510, '2015-09-04 16:53:52'),
(159415, 26, 25, 15932, 'All Status TO : Report Available (Registration # :15932)', 1510, '2015-09-04 16:53:55'),
(159416, 26, 25, 15931, 'All Status TO : Report Available (Registration # :15931)', 1510, '2015-09-04 16:53:59'),
(159810, 26, 25, 15931, 'All Status TO : Delivered (Registration # :15931)', 1510, '2015-09-08 10:40:30'),
(159811, 36, 23, 79151, 'Reset Total Paid :80 (Reason:wrong entry)', 2, '2015-09-08 10:44:10'),
(159812, 36, 23, 49151, 'Reset Total Paid :220 (Reason:wrong entry)', 2, '2015-09-08 10:46:53'),
(159813, 36, 23, 49151, 'Reset Total Paid :430 (Reason:wrong entry)', 2, '2015-09-08 10:49:27'),
(159814, 30, 22, 15981, 'Expenditure ID : 15981 ( Rs. 20)', 1510, '2015-09-08 10:59:39'),
(159815, 30, 22, 15982, 'Expenditure ID : 15982 ( Rs. 180)', 1510, '2015-09-08 11:04:10'),
(159816, 30, 22, 15983, 'Expenditure ID : 15983 ( Rs. 10)', 1510, '2015-09-08 11:05:42'),
(159817, 30, 22, 15984, 'Expenditure ID : 15984 ( Rs. 170)', 1510, '2015-09-08 11:06:51'),
(159818, 30, 22, 15985, 'Expenditure ID : 15985 ( Rs. 20)', 1510, '2015-09-08 11:07:34'),
(159819, 26, 22, 89152, 'Registration ID : 89152, Received Rs. : 400', 1510, '2015-09-08 12:51:01'),
(159820, 29, 23, 0, '', 2, '2015-09-08 13:47:55'),
(159821, 29, 23, 0, '', 2, '2015-09-08 13:48:14'),
(159822, 29, 21, 0, 'Nemei', 0, '2015-09-08 13:49:09'),
(159823, 30, 22, 15986, 'Expenditure ID : 15986 ( Rs. 30)', 158, '2015-09-08 14:07:49'),
(159824, 36, 23, 49151, 'Reset Total Paid :650 (Reason:change due)', 2, '2015-09-08 15:40:48'),
(159825, 30, 22, 15987, 'Expenditure ID : 15987 ( Rs. 20)', 158, '2015-09-08 15:46:49'),
(159826, 26, 22, 89153, 'Registration ID : 89153, Received Rs. : 800', 1510, '2015-09-08 17:11:43'),
(159910, 27, 24, 99155, 'Cancelled:Thyroid Stimulating Hormone (Refunded Rs. 260)', 2, '2015-09-09 12:51:43'),
(159911, 29, 23, 0, '', 2, '2015-09-09 14:35:16'),
(159912, 29, 23, 0, '', 2, '2015-09-09 14:36:11'),
(210151, 26, 22, 210151, 'Registration ID : 210151, Received Rs. : 260', 158, '2015-10-02 09:08:23'),
(210156, 26, 22, 210152, 'Registration ID : 210152, Received Rs. : 0.00', 1510, '2015-10-02 10:23:23'),
(210158, 26, 22, 210153, 'Registration ID : 210153, Received Rs. : 0.00', 1510, '2015-10-02 12:48:29'),
(210159, 26, 23, 210151, 'Edited: Registration # 210151 (Reason:date change)', 2, '2015-10-02 16:57:01'),
(604161, 26, 22, 604161, 'Registration ID : 604161, Received Rs. : 580', 1615, '2016-04-06 23:09:35'),
(1101512, 26, 22, 110153, 'Registration ID : 110153, Received Rs. : 0.00', 1510, '2015-10-01 16:34:01'),
(1101513, 26, 22, 110154, 'Registration ID : 110154, Received Rs. : 0.00', 1510, '2015-10-01 16:39:08'),
(1101514, 26, 22, 110155, 'Registration ID : 110155, Received Rs. : 0.00', 1510, '2015-10-01 16:56:26'),
(1509151, 26, 22, 1509151, 'Registration ID : 1509151, Received Rs. : 0.00', 1510, '2015-09-15 10:33:30'),
(1510110, 26, 25, 110151, 'All Status TO : Delivered (Registration # :110151)', 1510, '2015-10-01 12:24:17'),
(1510111, 26, 25, 110152, 'All Status TO : Delivered (Registration # :110152)', 1510, '2015-10-01 12:24:23'),
(1510115, 29, 23, 0, '', 2, '2015-10-01 16:58:54'),
(1510116, 29, 23, 0, '', 2, '2015-10-01 17:02:33'),
(1510117, 29, 23, 0, '', 2, '2015-10-01 17:03:19'),
(1510210, 29, 23, 0, '', 2, '2015-10-02 16:57:35'),
(1572710, 26, 23, 157275, 'Edited: ED/157275 (Reason:', 2, '2015-07-27 18:02:27'),
(1572711, 26, 23, 157275, 'Edited: ED/157275 (Reason:', 2, '2015-07-27 18:06:05'),
(1572712, 26, 23, 157275, 'Edited: ED/157275 (Reason:', 2, '2015-07-27 18:06:38'),
(1572713, 26, 23, 157275, 'Edited: ED/157275 (Reason:', 2, '2015-07-27 18:08:58'),
(1572714, 26, 23, 157275, 'Edited: ED/157275 (Reason:', 2, '2015-07-27 18:28:17'),
(1572715, 26, 23, 157275, 'Edited: ED/157275 (Reason:', 2, '2015-07-27 18:28:50'),
(1572716, 26, 23, 157274, 'Edited: ED/157274 (Reason:', 2, '2015-07-27 18:32:02'),
(1572717, 27, 24, 1572711, 'Cancelled:Creatine Clearance (Reason:date, Refunded BAL Rs. 330)', 2, '2015-07-27 18:32:58'),
(1572718, 27, 22, 1572714, 'Added:Creatinine (Reason:date change, ED/157274)', 2, '2015-07-27 18:33:31'),
(1572719, 26, 23, 157274, 'Edited: ED/157274 (Reason:', 2, '2015-07-27 18:33:54'),
(1572720, 28, 22, 157271, '30', 2, '2015-07-27 18:41:22'),
(1572721, 26, 23, 157275, 'Edited: ED/157275 (Reason:', 2, '2015-07-27 19:01:45'),
(1573010, 26, 22, 157306, 'Added:Reg157306', 1510, '2015-07-30 16:00:48'),
(1573011, 26, 22, 157307, 'Added:Reg157307', 1510, '2015-07-30 16:03:39'),
(1573012, 26, 22, 157308, 'Added:Reg157308', 1510, '2015-07-30 16:05:52'),
(1573013, 26, 22, 157309, 'Added:Reg157309', 1510, '2015-07-30 16:07:33'),
(1573014, 26, 22, 1573010, 'Added:Reg1573010', 1510, '2015-07-30 16:09:17'),
(1573015, 26, 22, 1573011, 'Added:Reg1573011', 1510, '2015-07-30 16:11:47'),
(1573016, 26, 22, 1573012, 'Added:Reg1573012', 1510, '2015-07-30 16:13:53'),
(1573017, 26, 22, 1573013, 'Added:Reg1573013', 1510, '2015-07-30 16:15:29'),
(1573018, 26, 22, 1573014, 'Added:Reg1573014', 1510, '2015-07-30 16:18:02'),
(1573019, 26, 22, 1573015, 'Added:Reg1573015', 1510, '2015-07-30 16:20:02'),
(1573020, 26, 22, 1573016, 'Added:Reg1573016', 1510, '2015-07-30 16:24:56'),
(1573021, 26, 22, 1573017, 'Added:Reg1573017', 1510, '2015-07-30 16:29:23'),
(1573022, 26, 22, 1573018, 'Added:Reg1573018', 1510, '2015-07-30 16:32:39'),
(1573023, 26, 22, 1573019, 'Added:Reg1573019', 1510, '2015-07-30 16:35:25'),
(1573024, 26, 22, 1573020, 'Added:Reg1573020', 1510, '2015-07-30 16:37:22'),
(1573025, 26, 22, 1573021, 'Added:Reg1573021', 1510, '2015-07-30 16:39:34'),
(1573026, 26, 22, 1573022, 'Added:Reg1573022', 1510, '2015-07-30 16:42:40'),
(1573027, 26, 22, 1573023, 'Added:Reg1573023', 1510, '2015-07-30 16:49:05'),
(1573028, 26, 22, 1573024, 'Added:Reg1573024', 1510, '2015-07-30 16:51:43'),
(1573029, 26, 22, 1573025, 'Added:Reg1573025', 1510, '2015-07-30 16:53:53'),
(1573030, 26, 22, 1573026, 'Added:Reg1573026', 1510, '2015-07-30 17:03:22'),
(1573031, 26, 25, 157301, 'Pending TO Report Available', 1510, '2015-07-30 17:06:26'),
(1573032, 26, 25, 157301, 'Report Available TO Pending', 1510, '2015-07-30 17:06:32'),
(1573033, 27, 25, 1573010, 'Pending to Report Available', 1510, '2015-07-30 17:07:17'),
(1573034, 27, 25, 157309, 'Pending to Report Available', 1510, '2015-07-30 17:07:22'),
(1573035, 27, 25, 157301, 'Pending to Report Available', 1510, '2015-07-30 17:07:27'),
(1573036, 27, 25, 157302, 'Pending to Report Available', 1510, '2015-07-30 17:08:17'),
(1573037, 26, 25, 157301, 'Pending TO Report Available', 1510, '2015-07-30 17:08:54'),
(1573038, 26, 25, 157301, 'Report Available TO Delivered', 1510, '2015-07-30 17:09:23'),
(1573039, 28, 22, 157301, '30', 2, '2015-07-30 17:16:47'),
(1573040, 28, 23, 157301, '30', 2, '2015-07-30 17:17:19'),
(1573041, 28, 22, 157302, '30', 2, '2015-07-30 17:18:26'),
(1573042, 28, 22, 157303, '30', 2, '2015-07-30 17:23:48'),
(1573043, 28, 22, 157304, '30', 2, '2015-07-30 17:25:32'),
(1573044, 27, 22, 1573046, 'Added:Sugar (PP) (Reason:wrong entry, ED/157307)', 2, '2015-07-30 17:27:28'),
(1573045, 26, 23, 157307, 'Edited: ED/157307 (Reason:', 2, '2015-07-30 17:27:37'),
(1573046, 28, 22, 157305, '30', 2, '2015-07-30 17:29:25'),
(1573047, 28, 22, 157306, '30', 2, '2015-07-30 17:30:12'),
(1573048, 28, 22, 157307, '30', 2, '2015-07-30 17:31:27'),
(1573049, 28, 22, 157308, '30', 2, '2015-07-30 17:32:39'),
(1573050, 28, 22, 157309, '30', 2, '2015-07-30 17:33:34'),
(1573051, 28, 22, 1573010, '30', 2, '2015-07-30 17:34:19'),
(1573052, 28, 22, 1573011, '30', 2, '2015-07-30 17:34:57'),
(1573053, 28, 22, 1573012, '30', 2, '2015-07-30 17:39:26'),
(1573054, 26, 22, 1573027, 'Added:Reg1573027', 1510, '2015-07-30 17:43:52'),
(1573055, 26, 25, 157262, 'Report Available TO Delivered', 1510, '2015-07-30 17:47:46'),
(1573056, 26, 25, 157263, 'Report Available TO Delivered', 1510, '2015-07-30 17:47:52'),
(1573057, 26, 25, 157271, 'Report Available TO Delivered', 1510, '2015-07-30 17:47:56'),
(1573058, 26, 25, 157272, 'Report Available TO Delivered', 1510, '2015-07-30 17:48:01'),
(1573059, 26, 25, 157273, 'Report Available TO Delivered', 1510, '2015-07-30 17:48:07'),
(1573060, 26, 25, 157274, 'Pending TO Delivered', 1510, '2015-07-30 17:48:14'),
(1573061, 26, 25, 157275, 'Report Available TO Delivered', 1510, '2015-07-30 17:48:20'),
(1573062, 26, 25, 157291, 'Report Available TO Delivered', 1510, '2015-07-30 17:48:29'),
(1573063, 26, 25, 157292, 'Report Available TO Delivered', 1510, '2015-07-30 17:48:36'),
(1573064, 26, 25, 157293, 'Report Available TO Delivered', 1510, '2015-07-30 17:48:41'),
(1573065, 26, 25, 157302, 'Pending TO Delivered', 1510, '2015-07-30 17:48:47'),
(1573066, 26, 25, 157303, 'Pending TO Delivered', 1510, '2015-07-30 17:48:52'),
(1573067, 26, 25, 157304, 'Pending TO Delivered', 1510, '2015-07-30 17:48:56'),
(1573068, 26, 25, 157305, 'Pending TO Pending', 1510, '2015-07-30 17:48:59'),
(1573069, 26, 25, 157305, 'Pending TO Delivered', 1510, '2015-07-30 17:49:03'),
(1573070, 26, 25, 157306, 'Pending TO Delivered', 1510, '2015-07-30 17:49:08'),
(1573071, 26, 25, 157307, 'Pending TO Delivered', 1510, '2015-07-30 17:49:15'),
(1573072, 26, 25, 157308, 'Pending TO Delivered', 1510, '2015-07-30 17:49:19'),
(1573073, 26, 25, 157309, 'Pending TO Delivered', 1510, '2015-07-30 17:49:24'),
(1573074, 26, 25, 1573010, 'Pending TO Delivered', 1510, '2015-07-30 17:49:29'),
(1573075, 26, 25, 1573011, 'Pending TO Delivered', 1510, '2015-07-30 17:49:35'),
(1573076, 26, 25, 1573012, 'Pending TO Delivered', 1510, '2015-07-30 17:49:41'),
(1573077, 26, 25, 1573013, 'Pending TO Delivered', 1510, '2015-07-30 17:49:46'),
(1573078, 26, 25, 1573014, 'Pending TO Delivered', 1510, '2015-07-30 17:49:50'),
(1573079, 26, 25, 1573015, 'Pending TO Delivered', 1510, '2015-07-30 17:49:53'),
(1573080, 26, 25, 1573016, 'Pending TO Delivered', 1510, '2015-07-30 17:50:11'),
(1573081, 26, 25, 1573017, 'Pending TO Delivered', 1510, '2015-07-30 17:50:19'),
(1573082, 26, 25, 1573018, 'Pending TO Delivered', 1510, '2015-07-30 17:50:25'),
(1573083, 26, 25, 1573019, 'Pending TO Delivered', 1510, '2015-07-30 17:50:29'),
(1573084, 26, 25, 1573020, 'Pending TO Delivered', 1510, '2015-07-30 17:50:33'),
(1573085, 26, 25, 1573021, 'Pending TO Delivered', 1510, '2015-07-30 17:50:39'),
(1573086, 26, 25, 1573022, 'Pending TO Delivered', 1510, '2015-07-30 17:50:50'),
(1573087, 26, 25, 1573023, 'Pending TO Delivered', 1510, '2015-07-30 17:50:54'),
(1573088, 26, 25, 1573024, 'Pending TO Delivered', 1510, '2015-07-30 17:50:58'),
(1573089, 26, 25, 1573025, 'Pending TO Delivered', 1510, '2015-07-30 17:51:02'),
(1573090, 26, 25, 1573026, 'Pending TO Delivered', 1510, '2015-07-30 17:51:06'),
(1573091, 26, 25, 1573027, 'Pending TO Delivered', 1510, '2015-07-30 17:51:11'),
(1573092, 26, 23, 157301, 'Edited: ED/157301 (Reason:', 2, '2015-07-30 17:54:45'),
(1573093, 26, 23, 157301, 'Edited: ED/157301 (Reason:', 2, '2015-07-30 17:55:01'),
(1573094, 26, 23, 157302, 'Edited: ED/157302 (Reason:', 2, '2015-07-30 17:56:44'),
(1573095, 26, 23, 157305, 'Edited: ED/157305 (Reason:', 2, '2015-07-30 17:58:16'),
(1573096, 26, 23, 157306, 'Edited: ED/157306 (Reason:', 2, '2015-07-30 17:59:27'),
(1573097, 26, 23, 157306, 'Edited: ED/157306 (Reason:', 2, '2015-07-30 17:59:41'),
(1573098, 26, 23, 157307, 'Edited: ED/157307 (Reason:', 2, '2015-07-30 18:00:52'),
(1573099, 26, 23, 157308, 'Edited: ED/157308 (Reason:', 2, '2015-07-30 18:01:41'),
(1581010, 26, 22, 158104, 'Added:Reg ID : 158104', 158, '2015-08-10 17:59:16'),
(1581011, 26, 23, 158104, 'Edited: ED/158104 (Reason:', 2, '2015-08-10 18:03:25'),
(1581012, 26, 23, 158103, 'Edited: ED/158103 (Reason:', 2, '2015-08-10 18:09:20'),
(1582110, 26, 22, 158214, 'Added:Reg158214', 1510, '2015-08-21 17:31:54'),
(1582210, 26, 25, 158211, 'Pending TO Delivered', 1510, '2015-08-22 14:37:30'),
(1582211, 26, 25, 158212, 'Pending TO Pending', 1510, '2015-08-22 14:38:45'),
(1582212, 26, 25, 158221, 'Pending TO Delivered', 1510, '2015-08-22 14:39:05'),
(1582410, 36, 23, 1573028, 'Reset Total Paid :0.00 (Reason:wrong entry)', 2, '2015-08-24 15:09:35'),
(1582411, 28, 22, 158241, '30', 2, '2015-08-24 15:11:42'),
(1582412, 36, 23, 158202, 'Reset Total Paid :1500 (Reason:Full payment)', 2, '2015-08-24 15:28:50'),
(1591010, 26, 22, 109151, 'Discount Added:Rs.20 (Registration #: 109151)', 2, '2015-09-10 16:08:44'),
(1591011, 30, 22, 159101, 'Expenditure ID : 159101 ( Rs. 220)', 158, '2015-09-10 16:11:53'),
(1591012, 30, 22, 159102, 'Expenditure ID : 159102 ( Rs. 930)', 158, '2015-09-10 16:18:35'),
(1591013, 30, 22, 159103, 'Expenditure ID : 159103 ( Rs. 370)', 158, '2015-09-10 16:19:45'),
(1591310, 26, 25, 129153, 'All Status TO : Delivered (Registration # :129153)', 1510, '2015-09-13 10:18:44'),
(1591311, 26, 25, 129154, 'All Status TO : Delivered (Registration # :129154)', 1510, '2015-09-13 10:18:51'),
(1591312, 26, 23, 129151, 'Edited: Registration # 129151 (Reason:date Change)', 2, '2015-09-13 10:24:30'),
(1592111, 30, 23, 1509212, 'Updated on :  Date (New value : 09/18/2015)', 2, '2015-09-21 17:04:35'),
(1592112, 30, 23, 1509213, 'Updated on :  Amount (New value : 300.00)', 2, '2015-09-21 17:05:11'),
(1592113, 30, 33, 15915, 'Expense Amount Rs.230.00', 2, '2015-09-21 17:06:08'),
(1592310, 26, 25, 2209151, 'All Status TO : Delivered (Registration # :2209151)', 1510, '2015-09-23 11:39:14'),
(1592311, 26, 25, 2209152, 'All Status TO : Delivered (Registration # :2209152)', 1510, '2015-09-23 11:39:18'),
(1592312, 26, 25, 2209153, 'All Status TO : Delivered (Registration # :2209153)', 1510, '2015-09-23 11:39:28'),
(1592313, 26, 25, 2209154, 'All Status TO : Delivered (Registration # :2209154)', 1510, '2015-09-23 11:39:33'),
(1592315, 29, 23, 0, '', 2, '2015-09-23 13:16:06'),
(1592318, 27, 24, 49151, 'Cancelled:Haemoglobin (Price: 80.00 Reason:investigation remove)', 2, '2015-09-23 17:54:13'),
(1592510, 26, 25, 2509151, 'All Status TO : Report Available (Registration # :2509151)', 1510, '2015-09-25 16:56:42'),
(1592511, 26, 25, 2509152, 'All Status TO : Delivered (Registration # :2509152)', 1510, '2015-09-25 16:56:46'),
(1592613, 26, 25, 2509151, 'All Status TO : Delivered (Registration # :2509151)', 1510, '2015-09-26 10:22:43'),
(1609151, 26, 22, 1609151, 'Registration ID : 1609151, Received Rs. : 350', 1510, '2015-09-16 15:35:26'),
(1609152, 30, 22, 1509161, 'Expenditure ID : 1509161 ( Rs. 20)', 1510, '2015-09-16 16:08:55'),
(1609153, 30, 22, 1509162, 'Expenditure ID : 1509162 ( Rs. 290)', 1510, '2015-09-16 16:14:14'),
(1709151, 36, 23, 89151, 'Reset Total Paid :2570 (Reason:full payment)', 2, '2015-09-17 10:51:57'),
(1809151, 26, 22, 1809151, 'Registration ID : 1809151, Received Rs. : 400', 158, '2015-09-18 08:14:53'),
(2109151, 26, 22, 2109151, 'Registration ID : 2109151, Received Rs. : 100', 158, '2015-09-21 10:08:23'),
(2109152, 26, 22, 2109152, 'Registration ID : 2109152, Received Rs. : 100', 158, '2015-09-21 10:10:07'),
(2109153, 26, 22, 2109151, 'Discount Added:Rs.20 (Registration #: 2109151)', 2, '2015-09-21 10:11:38'),
(2109154, 26, 22, 2109152, 'Discount Added:Rs.20 (Registration #: 2109152)', 2, '2015-09-21 10:12:41'),
(2109155, 26, 22, 2109153, 'Registration ID : 2109153, Received Rs. : 000', 158, '2015-09-21 15:09:24'),
(2109157, 30, 22, 1509211, 'Expenditure ID : 1509211 ( Rs. 540)', 1513, '2015-09-21 16:58:39'),
(2109158, 30, 22, 1509212, 'Expenditure ID : 1509212 ( Rs. 140)', 1513, '2015-09-21 17:00:28'),
(2109159, 30, 22, 1509213, 'Expenditure ID : 1509213 ( Rs. 500)', 1513, '2015-09-21 17:01:43'),
(2209151, 26, 22, 2209151, 'Registration ID : 2209151, Received Rs. : 100', 158, '2015-09-22 11:03:18'),
(2209152, 26, 22, 2209151, 'Discount Added:Rs.20 (Registration #: 2209151)', 2, '2015-09-22 11:06:08'),
(2209153, 26, 22, 2209152, 'Registration ID : 2209152, Received Rs. : 0.00', 158, '2015-09-22 11:48:37'),
(2209154, 26, 22, 2209153, 'Registration ID : 2209153, Received Rs. : 0.00', 158, '2015-09-22 11:50:33'),
(2209155, 26, 22, 2209154, 'Registration ID : 2209154, Received Rs. : 0.00', 158, '2015-09-22 11:52:30'),
(2209156, 36, 23, 2109152, 'Reset Total Paid :0.00 (Reason:wrong entry)', 2, '2015-09-22 16:49:38'),
(2209157, 30, 22, 1509221, 'Expenditure ID : 1509221 ( Rs. 190)', 158, '2015-09-22 16:53:10'),
(2209158, 30, 22, 1509222, 'Expenditure ID : 1509222 ( Rs. 510)', 158, '2015-09-22 17:03:23'),
(2309151, 26, 22, 2309151, 'Registration ID : 2309151, Received Rs. : 1930', 1510, '2015-09-23 09:50:48'),
(2309152, 26, 22, 2309152, 'Registration ID : 2309152, Received Rs. : 1150', 1510, '2015-09-23 10:00:30'),
(2309153, 26, 22, 2309153, 'Registration ID : 2309153, Received Rs. : 450', 1510, '2015-09-23 10:03:35'),
(2409151, 30, 22, 1509241, 'Expenditure ID : 1509241 ( Rs. 380)', 1510, '2015-09-24 13:40:19'),
(2409152, 30, 22, 1509242, 'Expenditure ID : 1509242 ( Rs. 10)', 1510, '2015-09-24 13:40:45'),
(2409153, 30, 22, 1509243, 'Expenditure ID : 1509243 ( Rs. 1000)', 1510, '2015-09-24 13:41:32'),
(2509151, 26, 22, 2509151, 'Registration ID : 2509151, Received Rs. : 960', 1510, '2015-09-25 10:21:21'),
(2509156, 26, 22, 2509152, 'Registration ID : 2509152, Received Rs. : 120', 1510, '2015-09-25 13:21:08'),
(2509158, 36, 23, 2309151, 'Reset Total Paid :1880 (Reason:due balance)', 2, '2015-09-25 15:13:47'),
(2509159, 36, 23, 2309151, 'Reset Total Paid :1930 (Reason:full payment\r\n)', 2, '2015-09-25 15:18:38'),
(2709151, 26, 22, 2709151, 'Registration ID : 2709151, Received Rs. : 300', 1510, '2015-09-27 09:56:22'),
(2709152, 36, 23, 2709151, 'Reset Total Paid :300 (Reason:wrong entry)', 2, '2015-09-27 10:04:42'),
(2709153, 36, 23, 2709151, 'Reset Total Paid :0.00 (Reason:wrong entry)', 2, '2015-09-27 10:10:34'),
(2709154, 26, 22, 2709152, 'Registration ID : 2709152, Received Rs. : 0.00', 1510, '2015-09-27 11:12:40'),
(2709155, 36, 23, 2709152, 'Reset Total Paid :400 (Reason:wrong entry)', 2, '2015-09-27 14:30:36'),
(2709156, 26, 22, 2709152, 'Discount Added:Rs.50 (Registration #: 2709152)', 2, '2015-09-27 14:31:15'),
(2803161, 26, 22, 2803161, 'Registration ID : 2803161, Received Rs. : 90', 158, '2016-03-28 14:26:51'),
(2803162, 26, 22, 2803162, 'Registration ID : 2803162, Received Rs. : 580', 1614, '2016-03-28 21:51:14'),
(2803163, 26, 22, 2803163, 'Registration ID : 2803163, Received Rs. : 350', 1614, '2016-03-28 21:58:31'),
(2903161, 26, 22, 2903161, 'Registration ID : 2903161, Received Rs. : 920', 1614, '2016-03-29 11:19:44'),
(2903162, 26, 22, 2903162, 'Registration ID : 2903162, Received Rs. : 1380', 1614, '2016-03-29 22:28:29'),
(2909151, 36, 23, 2709151, 'Reset Total Paid :300 (Reason:wrong entry)', 2, '2015-09-29 09:22:07'),
(2909152, 30, 22, 1509291, 'Expenditure ID : 1509291 ( Rs. 2020)', 158, '2015-09-29 09:28:48'),
(2909153, 30, 22, 1509292, 'Expenditure ID : 1509292 ( Rs. 20)', 158, '2015-09-29 09:29:26'),
(2909154, 26, 22, 2909151, 'Registration ID : 2909151, Received Rs. : 660', 158, '2015-09-29 09:33:21'),
(2909155, 26, 22, 2909151, 'Discount Added:Rs.60 (Registration #: 2909151)', 2, '2015-09-29 09:34:27'),
(2909158, 26, 22, 2909152, 'Registration ID : 2909152, Received Rs. : 1730', 1510, '2015-09-29 13:17:16'),
(15730100, 26, 23, 157309, 'Edited: ED/157309 (Reason:', 2, '2015-07-30 18:03:09'),
(15730101, 26, 23, 1573010, 'Edited: ED/1573010 (Reason:', 2, '2015-07-30 18:04:25'),
(15730102, 26, 23, 1573010, 'Edited: ED/1573010 (Reason:', 2, '2015-07-30 18:04:39'),
(15730103, 26, 23, 1573011, 'Edited: ED/1573011 (Reason:', 2, '2015-07-30 18:06:10'),
(15730104, 26, 23, 1573012, 'Edited: ED/1573012 (Reason:', 2, '2015-07-30 18:09:34'),
(15730105, 26, 23, 1573013, 'Edited: ED/1573013 (Reason:', 2, '2015-07-30 18:10:41'),
(15730106, 26, 22, 1573028, 'Added:Reg1573028', 1510, '2015-07-30 18:19:36'),
(15730107, 29, 23, 31, '', 2, '2015-07-30 18:23:51'),
(15730108, 26, 23, 1573014, 'Edited: ED/1573014 (Reason:', 2, '2015-07-30 18:33:37'),
(15730109, 26, 23, 1573015, 'Edited: ED/1573015 (Reason:', 2, '2015-07-30 18:34:55'),
(15730110, 26, 23, 1573015, 'Edited: ED/1573015 (Reason:', 2, '2015-07-30 18:36:04'),
(15730111, 26, 23, 1573016, 'Edited: ED/1573016 (Reason:', 2, '2015-07-30 18:37:00'),
(15730112, 26, 23, 1573017, 'Edited: ED/1573017 (Reason:', 2, '2015-07-30 18:38:08'),
(15730113, 26, 23, 1573019, 'Edited: ED/1573019 (Reason:', 2, '2015-07-30 18:39:01'),
(15730114, 26, 23, 1573020, 'Edited: ED/1573020 (Reason:', 2, '2015-07-30 18:39:56'),
(15730115, 26, 23, 1573018, 'Edited: ED/1573018 (Reason:', 2, '2015-07-30 18:40:50'),
(15730116, 26, 23, 1573021, 'Edited: ED/1573021 (Reason:', 2, '2015-07-30 18:41:39'),
(15730117, 26, 23, 1573027, 'Edited: ED/1573027 (Reason:', 2, '2015-07-30 18:42:31'),
(15730118, 26, 23, 1573023, 'Edited: ED/1573023 (Reason:', 2, '2015-07-30 18:44:01'),
(15730119, 26, 23, 1573024, 'Edited: ED/1573024 (Reason:', 2, '2015-07-30 18:46:29'),
(15730120, 26, 23, 1573025, 'Edited: ED/1573025 (Reason:', 2, '2015-07-30 18:47:08'),
(15730121, 26, 23, 1573026, 'Edited: ED/1573026 (Reason:', 2, '2015-07-30 18:52:24'),
(15730122, 26, 23, 157273, 'Edited: ED/157273 (Reason:', 2, '2015-07-30 18:53:49'),
(21091510, 30, 22, 1509214, 'Expenditure ID : 1509214 ( Rs. 20)', 1513, '2015-09-21 17:02:34'),
(23091514, 36, 23, 2309151, 'Reset Total Paid :1880 (Reason:wrong entry)', 2, '2015-09-23 13:14:20'),
(23091516, 26, 22, 2309154, 'Registration ID : 2309154, Received Rs. : 400', 158, '2015-09-23 15:47:54'),
(23091517, 36, 23, 2309151, 'Reset Total Paid :1930 (Reason:full payment)', 2, '2015-09-23 17:42:54');
INSERT INTO `audit_tbl` (`A_id`, `A_book`, `A_action`, `A_p_id`, `A_remark`, `A_user`, `A_date`) VALUES
(26091512, 26, 22, 2509152, 'Discount Added:Rs.20 (Registration #: 2509152)', 2, '2015-09-26 10:21:17'),
(29091510, 26, 22, 2909153, 'Registration ID : 2909153, Received Rs. : 350', 1510, '2015-09-29 17:24:16');

-- --------------------------------------------------------

--
-- Table structure for table `card_holder`
--

CREATE TABLE `card_holder` (
  `DH_id` int(10) unsigned NOT NULL,
  `DH_patient_id` int(10) unsigned NOT NULL,
  `DH_disc_per` decimal(6,2) NOT NULL,
  `DH_validity` tinyint(3) unsigned NOT NULL,
  `DH_date` date NOT NULL,
  `DH_user` int(10) unsigned NOT NULL
) ENGINE=InnoDB DEFAULT CHARSET=utf8 COLLATE=utf8_unicode_ci;

-- --------------------------------------------------------

--
-- Table structure for table `card_validity`
--

CREATE TABLE `card_validity` (
  `CV_id` tinyint(2) unsigned NOT NULL,
  `CV_validity` varchar(30) COLLATE utf8_unicode_ci NOT NULL
) ENGINE=InnoDB DEFAULT CHARSET=utf8 COLLATE=utf8_unicode_ci;

--
-- Dumping data for table `card_validity`
--

INSERT INTO `card_validity` (`CV_id`, `CV_validity`) VALUES
(3, '3 Months'),
(6, '6 Months'),
(12, '12 Months'),
(24, '24 Months'),
(36, '36 Months');

-- --------------------------------------------------------

--
-- Table structure for table `counter_tbl`
--

CREATE TABLE `counter_tbl` (
  `counter_id` tinyint(3) unsigned NOT NULL,
  `counter_value` int(10) unsigned NOT NULL,
  `last_updated_date` date NOT NULL,
  `table_name` varchar(50) COLLATE utf8_unicode_ci NOT NULL,
  `field_name` varchar(20) COLLATE utf8_unicode_ci NOT NULL,
  `type` char(2) COLLATE utf8_unicode_ci NOT NULL
) ENGINE=InnoDB DEFAULT CHARSET=utf8 COLLATE=utf8_unicode_ci;

--
-- Dumping data for table `counter_tbl`
--

INSERT INTO `counter_tbl` (`counter_id`, `counter_value`, `last_updated_date`, `table_name`, `field_name`, `type`) VALUES
(1, 1, '2016-04-07', 'patient_info', 'PI_id ', 'dd'),
(2, 16, '2015-09-29', 'dr_info', 'dr_id', 'yy'),
(3, 19, '2015-07-27', 'source_tbl', 'source_id', 'yy'),
(4, 1, '2016-02-11', 'emp_tbl', 'ET_id', 'yy'),
(5, 16, '2015-06-21', 'test_category', 'test_category_id', 'yy'),
(6, 0, '2015-07-13', 'pin_tbl', 'not used', 'yy'),
(7, 8, '2015-07-04', 'state_tbl', 'state_id', 'yy'),
(8, 17, '2015-07-22', 'district_tbl', 'district_id', 'yy'),
(9, 3, '2015-06-24', 'price_version', 'PV_id', 'yy'),
(10, 440, '2015-06-24', 'test_tbl', 'test_id', 'mm'),
(11, 1, '2015-05-25', 'track_users_tbl', 'TU_sl', 'dd'),
(12, 1, '2016-03-29', 'discount_tbl', 'disc_code_sl', 'dd'),
(13, 1, '2016-04-07', 'patient_transaction', 'TR_id', 'dd'),
(14, 1, '2016-04-07', 'patient_registration', 'pr_receipt_no', 'dd'),
(15, 418, '2015-07-21', 'price_dump', 'PD_sl', 'yy'),
(16, 1, '2016-04-07', 'patient_test', 'PT_sl', 'dd'),
(17, 1, '2015-07-22', 'dr_clinic_tbl', 'dr_clinic_id', 'yy'),
(18, 1, '2015-07-22', 'dr_family_tbl', 'dr_family_id', 'yy'),
(19, 1, '2016-02-25', 'department_tbl', 'dept_id', 'yy'),
(20, 6, '2015-08-28', 'designation_tbl', 'designation_id', 'yy'),
(21, 1, '2015-06-20', 'emp_qualification', 'EQ_id', 'yy'),
(22, 1, '2015-06-24', 'emp_experience', 'PE_id', 'yy'),
(23, 10, '2015-08-20', 'referred_tbl', 'referred_id', 'yy'),
(24, 1, '2016-04-07', 'patient_payment', 'PP_sl', 'dd'),
(25, 1, '2014-01-04', 'patient_receipt_status', 'PRS_sl', 'yy'),
(26, 3, '2015-06-20', 'employee_letter', 'EL_sl', 'yy'),
(27, 17, '2016-04-06', 'user_table', 'user_id', 'yy'),
(28, 5, '2014-01-17', 'user_technician_tbl', 'UTC_id', 'yy'),
(29, 1, '2016-04-07', 'expenditure', 'EX_id', 'dd'),
(30, 1, '2015-05-27', 'patient_due_tbl(not used)', 'PD_sl', 'dd'),
(31, 1, '2015-07-17', 'template_name', 'TPN_id', 'dd'),
(32, 1, '2015-07-17', 'template_body', 'TPB_id', 'dd'),
(33, 1, '2016-04-07', 'card_holder', 'DH_id', 'dd'),
(34, 1, '2016-04-07', 'patient_history', 'PH_id', 'dd'),
(35, 1, '2016-04-07', 'lab_note', 'LB_id', 'dd'),
(36, 1, '2015-07-21', 'patient_test_path', 'PTP_id', 'dd'),
(37, 1, '2016-04-07', 'tax_tbl', 'TX_id', 'dd'),
(38, 1, '2016-02-11', 'emp_info', 'EI_id', 'yy'),
(39, 1, '2016-02-11', 'emp_family', 'EF_id', 'yy'),
(40, 1, '2016-02-11', 'emp_cur_address', 'ECA_id', 'yy'),
(41, 3, '2015-06-20', 'emp_exit_tbl', 'EE_id', 'yy'),
(42, 1, '2016-04-07', 'audit_tbl', 'A_id', 'dd'),
(43, 14, '2015-09-03', 'dr_profile', 'dp_id', 'yy'),
(44, 1, '2015-07-01', 'dr_cur_address', 'DCA_id', 'yy'),
(45, 0, '0000-00-00', '', '', ''),
(46, 0, '0000-00-00', '', '', ''),
(47, 0, '0000-00-00', '', '', ''),
(48, 0, '0000-00-00', '', '', '');

-- --------------------------------------------------------

--
-- Table structure for table `department_tbl`
--

CREATE TABLE `department_tbl` (
  `department_id` tinyint(3) unsigned NOT NULL,
  `department_name` varchar(50) COLLATE utf8_unicode_ci NOT NULL
) ENGINE=InnoDB DEFAULT CHARSET=utf8 COLLATE=utf8_unicode_ci;

--
-- Dumping data for table `department_tbl`
--

INSERT INTO `department_tbl` (`department_id`, `department_name`) VALUES
(20, 'Accounts'),
(18, 'Consultant Microbiologist'),
(17, 'Consultant Pathologist'),
(7, 'ECG'),
(24, 'Endoscopy'),
(3, 'Front Desk'),
(23, 'House keeping'),
(9, 'HR'),
(5, 'LAB'),
(12, 'Marketing'),
(19, 'Medical Transcript'),
(4, 'Sample Collection'),
(14, 'Security'),
(13, 'Stock and Purchase'),
(1, 'Super User'),
(2, 'System Admin'),
(6, 'Ultrasound'),
(8, 'X-Ray');

-- --------------------------------------------------------

--
-- Table structure for table `designation_tbl`
--

CREATE TABLE `designation_tbl` (
  `designation_id` tinyint(3) NOT NULL,
  `designation_name` varchar(50) COLLATE utf8_unicode_ci NOT NULL,
  `short_form` varchar(8) COLLATE utf8_unicode_ci NOT NULL
) ENGINE=InnoDB DEFAULT CHARSET=utf8 COLLATE=utf8_unicode_ci;

--
-- Dumping data for table `designation_tbl`
--

INSERT INTO `designation_tbl` (`designation_id`, `designation_name`, `short_form`) VALUES
(1, 'Managing Director', 'MD'),
(2, 'General Manager', 'GM'),
(3, 'Assistant General Manager', 'AGM'),
(4, 'Public Relation Officer', 'PRO'),
(5, 'Manager Operation', 'MO'),
(6, 'Accountant General Manager', 'ACGM'),
(7, 'Lab Manager', 'LMG'),
(8, 'Supervisor', 'SV'),
(9, 'In-charge', 'IC'),
(10, 'Assistant Incharge', 'ASI'),
(11, 'Senior Staff', 'SS'),
(12, 'Junior Staff', 'JS'),
(13, 'Staff on Probation', 'SOB'),
(14, 'RUNNER', 'RN'),
(15, 'ASSISTANT MANAGER', 'AM'),
(127, 'Front Desk Assistant', 'FDA');

-- --------------------------------------------------------

--
-- Table structure for table `discount_tbl`
--

CREATE TABLE `discount_tbl` (
  `disc_code_sl` int(10) unsigned NOT NULL,
  `disc_receipt_no` int(10) unsigned NOT NULL,
  `disc_type` tinyint(1) NOT NULL,
  `disc_value` decimal(6,2) NOT NULL,
  `disc_remark` varchar(30) COLLATE utf8_unicode_ci NOT NULL,
  `disc_user` int(10) unsigned NOT NULL,
  `disc_status_date` datetime NOT NULL
) ENGINE=InnoDB DEFAULT CHARSET=utf8 COLLATE=utf8_unicode_ci;

--
-- Dumping data for table `discount_tbl`
--

INSERT INTO `discount_tbl` (`disc_code_sl`, `disc_receipt_no`, `disc_type`, `disc_value`, `disc_remark`, `disc_user`, `disc_status_date`) VALUES
(15811, 15811, 2, '20.00', 'locality', 2, '2015-08-02 09:50:48'),
(15832, 15831, 2, '50.00', 'Locallity', 2, '2015-08-03 06:50:46'),
(15863, 157304, 2, '60.00', 'locallity', 2, '2015-08-06 07:54:21'),
(15864, 157303, 2, '60.00', 'locallity', 2, '2015-08-06 07:56:39'),
(15911, 15912, 2, '20.00', 'locality', 2, '2015-09-01 15:24:20'),
(15972, 79151, 2, '10.00', 'locality', 2, '2015-09-07 09:51:53'),
(15973, 49151, 2, '80.00', '80', 2, '2015-09-07 12:19:22'),
(15994, 99151, 2, '50.00', 'locality', 2, '2015-09-09 11:43:48'),
(15995, 99152, 2, '50.00', 'locanlity', 2, '2015-09-09 11:42:53'),
(157271, 157274, 2, '90.00', 'ranjan dicounted', 2, '2015-07-27 18:41:22'),
(157292, 157291, 2, '20.00', 'staf', 2, '2015-07-29 11:52:28'),
(157301, 157301, 2, '610.00', 'relative', 2, '2015-07-30 17:17:19'),
(157302, 157302, 2, '150.00', 'locality', 2, '2015-07-30 17:18:26'),
(157303, 157305, 2, '40.00', 'locality', 2, '2015-07-30 17:23:48'),
(157304, 157307, 2, '10.00', 'locality', 2, '2015-07-30 17:25:32'),
(157305, 157309, 2, '20.00', 'locality', 2, '2015-07-30 17:29:25'),
(157306, 1573010, 2, '10.00', 'locality', 2, '2015-07-30 17:30:12'),
(157307, 1573011, 2, '10.00', 'locality', 2, '2015-07-30 17:31:27'),
(157308, 1573013, 2, '10.00', 'locality', 2, '2015-07-30 17:32:39'),
(157309, 1573018, 2, '10.00', 'locality', 2, '2015-07-30 17:33:34'),
(158111, 158112, 2, '30.00', 'locallity', 2, '2015-08-11 18:12:45'),
(158151, 158151, 2, '200.00', 'ranjan', 2, '2015-08-15 14:51:18'),
(158182, 158183, 1, '30.00', 'Phayeng staf', 2, '2015-08-18 10:09:49'),
(158183, 158182, 1, '30.00', 'phayeng staf', 2, '2015-08-18 10:10:52'),
(158184, 158181, 1, '30.00', 'phayeng staf', 2, '2015-08-18 10:12:09'),
(158241, 157273, 2, '50.00', 'seasonal discount', 2, '2015-08-24 15:11:42'),
(159106, 109151, 2, '20.00', 'locallity', 2, '2015-09-10 16:08:44'),
(1573010, 1573021, 2, '10.00', 'locality', 2, '2015-07-30 17:34:19'),
(1573011, 1573022, 2, '10.00', 'locality', 2, '2015-07-30 17:34:57'),
(1573012, 1573026, 2, '100.00', 'locality', 2, '2015-07-30 17:39:26'),
(1573113, 157311, 2, '70.00', ' locality', 2, '2015-07-31 11:47:52'),
(2109151, 2109151, 2, '20.00', 'locallity', 2, '2015-09-21 10:11:38'),
(2109152, 2109152, 2, '20.00', 'locallity', 2, '2015-09-21 10:12:41'),
(2209151, 2209151, 2, '20.00', 'locallity', 2, '2015-09-22 11:06:08'),
(2609152, 2509152, 2, '20.00', 'locality', 2, '2015-09-26 10:21:17'),
(2709151, 2709152, 2, '50.00', 'locality', 2, '2015-09-27 14:31:15'),
(2909152, 2909151, 2, '60.00', 'locallity', 2, '2015-09-29 09:34:27');

-- --------------------------------------------------------

--
-- Table structure for table `district_tbl`
--

CREATE TABLE `district_tbl` (
  `district_id` smallint(5) unsigned NOT NULL,
  `district_name` varchar(50) COLLATE utf8_unicode_ci NOT NULL,
  `state_id` tinyint(3) unsigned NOT NULL
) ENGINE=InnoDB DEFAULT CHARSET=utf8 COLLATE=utf8_unicode_ci;

--
-- Dumping data for table `district_tbl`
--

INSERT INTO `district_tbl` (`district_id`, `district_name`, `state_id`) VALUES
(1, 'Imphal East', 1),
(2, 'Imphal West', 1),
(3, 'Thoubal', 1),
(4, 'Bishnupur', 1),
(5, 'Churachandpur', 1),
(6, 'Chandel', 1),
(7, 'Tamenglong', 1),
(8, 'Ukhrul', 1),
(9, 'Senapati', 1),
(10, 'Dispur', 4),
(11, 'Tamu', 8),
(12, 'Burma', 8),
(13, 'NALANDA', 9),
(14, 'Kohima', 7),
(15, 'Cachar', 4),
(16, 'Wokha', 7);

-- --------------------------------------------------------

--
-- Table structure for table `dr_clinic_tbl`
--

CREATE TABLE `dr_clinic_tbl` (
  `DC_id` smallint(5) unsigned NOT NULL,
  `DC_dr_id` smallint(5) unsigned NOT NULL,
  `DC_clinic` varchar(50) COLLATE utf8_unicode_ci NOT NULL,
  `DC_address` varchar(100) COLLATE utf8_unicode_ci NOT NULL,
  `DC_phone` varchar(10) COLLATE utf8_unicode_ci NOT NULL
) ENGINE=InnoDB DEFAULT CHARSET=utf8 COLLATE=utf8_unicode_ci;

-- --------------------------------------------------------

--
-- Table structure for table `dr_cur_address`
--

CREATE TABLE `dr_cur_address` (
  `DCA_id` smallint(5) unsigned NOT NULL,
  `DCA_dr_id` smallint(5) unsigned NOT NULL,
  `DCA_address` varchar(50) COLLATE utf8_unicode_ci NOT NULL,
  `DCA_state` tinyint(5) unsigned NOT NULL,
  `DCA_district` smallint(5) unsigned NOT NULL,
  `DCA_pin` varchar(6) COLLATE utf8_unicode_ci NOT NULL
) ENGINE=InnoDB DEFAULT CHARSET=utf8 COLLATE=utf8_unicode_ci;

-- --------------------------------------------------------

--
-- Table structure for table `dr_family_tbl`
--

CREATE TABLE `dr_family_tbl` (
  `DF_id` smallint(5) unsigned NOT NULL,
  `DF_dr_id` smallint(5) unsigned NOT NULL,
  `DF_name` varchar(50) COLLATE utf8_unicode_ci NOT NULL,
  `DF_relation` tinyint(2) unsigned NOT NULL,
  `DF_dob` date NOT NULL
) ENGINE=InnoDB DEFAULT CHARSET=utf8 COLLATE=utf8_unicode_ci;

-- --------------------------------------------------------

--
-- Table structure for table `dr_info`
--

CREATE TABLE `dr_info` (
  `dr_id` int(10) unsigned NOT NULL,
  `dr_name` varchar(50) COLLATE utf8_unicode_ci NOT NULL,
  `dr_phone` varchar(10) COLLATE utf8_unicode_ci NOT NULL,
  `dr_email` varchar(40) COLLATE utf8_unicode_ci NOT NULL,
  `dr_dob` date NOT NULL,
  `dr_address` varchar(50) COLLATE utf8_unicode_ci NOT NULL,
  `dr_state` tinyint(3) unsigned NOT NULL,
  `dr_district` smallint(5) unsigned NOT NULL,
  `dr_pin` varchar(6) COLLATE utf8_unicode_ci NOT NULL,
  `dr_gender` tinyint(3) unsigned NOT NULL,
  `dr_marital` tinyint(3) unsigned NOT NULL
) ENGINE=InnoDB DEFAULT CHARSET=utf8 COLLATE=utf8_unicode_ci;

-- --------------------------------------------------------

--
-- Table structure for table `dr_profile`
--

CREATE TABLE `dr_profile` (
  `dp_id` int(10) unsigned NOT NULL,
  `dp_dr_id` int(10) unsigned NOT NULL,
  `dp_specialization` varchar(50) COLLATE utf8_unicode_ci NOT NULL,
  `dp_designation` varchar(50) COLLATE utf8_unicode_ci NOT NULL,
  `dp_institute` varchar(50) COLLATE utf8_unicode_ci NOT NULL
) ENGINE=InnoDB DEFAULT CHARSET=utf8 COLLATE=utf8_unicode_ci;

-- --------------------------------------------------------

--
-- Table structure for table `emp_cur_address`
--

CREATE TABLE `emp_cur_address` (
  `ECA_id` smallint(5) unsigned NOT NULL,
  `ECA_ei_id` smallint(5) unsigned NOT NULL,
  `ECA_address` varchar(50) COLLATE utf8_unicode_ci NOT NULL,
  `ECA_state` tinyint(3) unsigned NOT NULL,
  `ECA_district` smallint(5) unsigned NOT NULL,
  `ECA_pin` char(10) COLLATE utf8_unicode_ci NOT NULL
) ENGINE=InnoDB DEFAULT CHARSET=utf8 COLLATE=utf8_unicode_ci;

-- --------------------------------------------------------

--
-- Table structure for table `emp_exit_tbl`
--

CREATE TABLE `emp_exit_tbl` (
  `EE_id` smallint(5) unsigned NOT NULL,
  `EE_ei_id` smallint(5) unsigned NOT NULL,
  `EE_reason` varchar(100) COLLATE utf8_unicode_ci NOT NULL,
  `EE_date` date NOT NULL
) ENGINE=InnoDB DEFAULT CHARSET=utf8 COLLATE=utf8_unicode_ci;

-- --------------------------------------------------------

--
-- Table structure for table `emp_family`
--

CREATE TABLE `emp_family` (
  `EF_id` smallint(5) unsigned NOT NULL,
  `EF_ei_id` smallint(5) unsigned NOT NULL,
  `EF_type` tinyint(2) unsigned NOT NULL,
  `EF_name` varchar(50) COLLATE utf8_unicode_ci NOT NULL,
  `EF_occupation` varchar(50) COLLATE utf8_unicode_ci NOT NULL,
  `EF_dob` date NOT NULL
) ENGINE=InnoDB DEFAULT CHARSET=utf8 COLLATE=utf8_unicode_ci;

-- --------------------------------------------------------

--
-- Table structure for table `emp_info`
--

CREATE TABLE `emp_info` (
  `EI_id` smallint(5) unsigned NOT NULL,
  `EI_name` varchar(50) COLLATE utf8_unicode_ci NOT NULL,
  `EI_dob` date NOT NULL,
  `EI_gender` tinyint(1) unsigned NOT NULL,
  `EI_marital` tinyint(1) unsigned NOT NULL,
  `EI_email` varchar(50) COLLATE utf8_unicode_ci NOT NULL,
  `EI_phone` varchar(10) COLLATE utf8_unicode_ci NOT NULL,
  `EI_emergency` varchar(10) COLLATE utf8_unicode_ci NOT NULL,
  `EI_address` varchar(50) COLLATE utf8_unicode_ci NOT NULL,
  `EI_state` tinyint(3) unsigned NOT NULL,
  `EI_district` smallint(5) unsigned NOT NULL,
  `EI_pin` varchar(6) COLLATE utf8_unicode_ci NOT NULL
) ENGINE=InnoDB DEFAULT CHARSET=utf8 COLLATE=utf8_unicode_ci;

-- --------------------------------------------------------

--
-- Table structure for table `emp_letter`
--

CREATE TABLE `emp_letter` (
  `EL_id` smallint(5) unsigned NOT NULL,
  `EL_ei_id` smallint(5) unsigned NOT NULL,
  `EL_type` tinyint(2) unsigned NOT NULL,
  `EL_remark` varchar(100) COLLATE utf8_unicode_ci NOT NULL,
  `EL_date` date NOT NULL
) ENGINE=InnoDB DEFAULT CHARSET=utf8 COLLATE=utf8_unicode_ci;

-- --------------------------------------------------------

--
-- Table structure for table `emp_prev_experience`
--

CREATE TABLE `emp_prev_experience` (
  `PE_id` smallint(5) unsigned NOT NULL,
  `PE_ei_id` smallint(5) unsigned NOT NULL,
  `PE_org` varchar(100) COLLATE utf8_unicode_ci NOT NULL,
  `PE_address` varchar(200) COLLATE utf8_unicode_ci NOT NULL,
  `PE_dept` varchar(30) COLLATE utf8_unicode_ci NOT NULL,
  `PE_position` varchar(30) COLLATE utf8_unicode_ci NOT NULL,
  `PE_joined_date` date NOT NULL,
  `PE_exit_date` date NOT NULL
) ENGINE=InnoDB DEFAULT CHARSET=utf8 COLLATE=utf8_unicode_ci;

-- --------------------------------------------------------

--
-- Table structure for table `emp_qualification`
--

CREATE TABLE `emp_qualification` (
  `emp_qualf_id` int(5) NOT NULL,
  `EQ_emp_sl` int(5) NOT NULL,
  `emp_qualf_name` varchar(100) COLLATE utf8_unicode_ci NOT NULL,
  `emp_faculty` varchar(50) COLLATE utf8_unicode_ci NOT NULL,
  `emp_institute` varchar(50) COLLATE utf8_unicode_ci NOT NULL,
  `emp_univ` varchar(50) COLLATE utf8_unicode_ci NOT NULL,
  `mark_obtained` int(5) NOT NULL,
  `total_mark` int(5) NOT NULL,
  `per_grad` varchar(10) COLLATE utf8_unicode_ci NOT NULL,
  `result` varchar(10) COLLATE utf8_unicode_ci NOT NULL,
  `passing_year` int(5) NOT NULL,
  `course_duration` varchar(5) COLLATE utf8_unicode_ci NOT NULL
) ENGINE=InnoDB DEFAULT CHARSET=utf8 COLLATE=utf8_unicode_ci;

-- --------------------------------------------------------

--
-- Table structure for table `emp_tbl`
--

CREATE TABLE `emp_tbl` (
  `ET_id` smallint(5) unsigned NOT NULL,
  `ET_ei_id` smallint(5) unsigned NOT NULL,
  `ET_emp_no` varchar(20) COLLATE utf8_unicode_ci NOT NULL,
  `ET_dept_id` tinyint(3) unsigned NOT NULL,
  `ET_desig_id` tinyint(3) unsigned NOT NULL,
  `ET_report_to` tinyint(3) unsigned NOT NULL,
  `ET_join_date` date NOT NULL,
  `ET_salary` decimal(8,2) NOT NULL,
  `ET_ctc` decimal(10,2) NOT NULL,
  `ET_status` tinyint(3) unsigned NOT NULL
) ENGINE=InnoDB DEFAULT CHARSET=utf8 COLLATE=utf8_unicode_ci;

--
-- Dumping data for table `emp_tbl`
--

INSERT INTO `emp_tbl` (`ET_id`, `ET_ei_id`, `ET_emp_no`, `ET_dept_id`, `ET_desig_id`, `ET_report_to`, `ET_join_date`, `ET_salary`, `ET_ctc`, `ET_status`) VALUES
(151, 154, '12312', 8, 13, 4, '2015-09-03', '23123.00', '123123.00', 1),
(152, 155, 'RDIMF06003', 3, 127, 1, '2015-06-01', '1000.00', '12000.00', 1),
(153, 156, 'RDIMF06001', 5, 7, 1, '2015-09-04', '3000.00', '36000.00', 1);

-- --------------------------------------------------------

--
-- Table structure for table `expenditure`
--

CREATE TABLE `expenditure` (
  `EX_id` int(10) unsigned NOT NULL,
  `EX_voucher` varchar(10) COLLATE utf8_unicode_ci NOT NULL,
  `EX_particular` varchar(300) COLLATE utf8_unicode_ci NOT NULL,
  `EX_person` varchar(50) COLLATE utf8_unicode_ci NOT NULL,
  `EX_amount` decimal(8,2) NOT NULL,
  `EX_date` datetime NOT NULL,
  `EX_user` int(10) unsigned NOT NULL
) ENGINE=InnoDB DEFAULT CHARSET=utf8 COLLATE=utf8_unicode_ci;

-- --------------------------------------------------------

--
-- Table structure for table `gender_tbl`
--

CREATE TABLE `gender_tbl` (
  `gender_id` tinyint(1) unsigned NOT NULL,
  `gender_name` varchar(6) COLLATE utf8_unicode_ci NOT NULL
) ENGINE=InnoDB DEFAULT CHARSET=utf8 COLLATE=utf8_unicode_ci;

--
-- Dumping data for table `gender_tbl`
--

INSERT INTO `gender_tbl` (`gender_id`, `gender_name`) VALUES
(1, 'Male'),
(2, 'Female');

-- --------------------------------------------------------

--
-- Table structure for table `lab_note`
--

CREATE TABLE `lab_note` (
  `LB_id` int(10) unsigned NOT NULL,
  `LB_receipt_no` int(10) unsigned NOT NULL,
  `LB_note` varchar(300) COLLATE utf8_unicode_ci NOT NULL,
  `LB_date` date NOT NULL,
  `LB_user` int(10) unsigned NOT NULL
) ENGINE=InnoDB DEFAULT CHARSET=utf8 COLLATE=utf8_unicode_ci;

-- --------------------------------------------------------

--
-- Table structure for table `lab_status`
--

CREATE TABLE `lab_status` (
  `LAB_status_sl` int(10) NOT NULL,
  `LAB_status_receipt_no` varchar(15) CHARACTER SET utf8 COLLATE utf8_unicode_ci NOT NULL,
  `LAB_status_id` int(2) NOT NULL,
  `LAB_status_date` date NOT NULL
) ENGINE=InnoDB DEFAULT CHARSET=latin1;

-- --------------------------------------------------------

--
-- Table structure for table `letter_type_tbl`
--

CREATE TABLE `letter_type_tbl` (
  `letter_type_id` tinyint(2) unsigned NOT NULL,
  `letter_type` varchar(30) COLLATE utf8_unicode_ci NOT NULL
) ENGINE=InnoDB DEFAULT CHARSET=utf8 COLLATE=utf8_unicode_ci;

--
-- Dumping data for table `letter_type_tbl`
--

INSERT INTO `letter_type_tbl` (`letter_type_id`, `letter_type`) VALUES
(1, 'Appointment Letter'),
(2, 'Approval Letter'),
(3, 'Increment Letter'),
(4, 'General Notice'),
(5, 'Warning Letter'),
(6, 'Releaving Letter'),
(7, 'Termination Letter'),
(8, 'Others');

-- --------------------------------------------------------

--
-- Table structure for table `marital_tbl`
--

CREATE TABLE `marital_tbl` (
  `marital_id` tinyint(1) unsigned NOT NULL,
  `marital_name` varchar(10) COLLATE utf8_unicode_ci NOT NULL
) ENGINE=InnoDB DEFAULT CHARSET=utf8 COLLATE=utf8_unicode_ci;

--
-- Dumping data for table `marital_tbl`
--

INSERT INTO `marital_tbl` (`marital_id`, `marital_name`) VALUES
(1, 'Single'),
(2, 'Married'),
(3, 'Divorcee'),
(4, 'Widow'),
(5, 'Widower'),
(6, 'Child'),
(7, 'Infant');

-- --------------------------------------------------------

--
-- Table structure for table `patient_history`
--

CREATE TABLE `patient_history` (
  `PH_id` int(10) unsigned NOT NULL,
  `PH_patient_id` int(10) unsigned NOT NULL,
  `PH_history` varchar(300) COLLATE utf8_unicode_ci NOT NULL
) ENGINE=InnoDB DEFAULT CHARSET=utf8 COLLATE=utf8_unicode_ci;

-- --------------------------------------------------------

--
-- Table structure for table `patient_info`
--

CREATE TABLE `patient_info` (
  `PI_id` int(10) unsigned NOT NULL,
  `PI_name` varchar(50) COLLATE utf8_unicode_ci NOT NULL,
  `PI_age_y` tinyint(3) unsigned NOT NULL,
  `PI_age_m` tinyint(2) unsigned NOT NULL,
  `PI_age_d` tinyint(2) unsigned NOT NULL,
  `PI_gender` tinyint(1) unsigned NOT NULL,
  `PI_marital_id` tinyint(1) unsigned NOT NULL,
  `PI_address` varchar(100) COLLATE utf8_unicode_ci NOT NULL,
  `PI_state_id` tinyint(3) unsigned NOT NULL,
  `PI_district_id` smallint(5) unsigned NOT NULL,
  `PI_pin` varchar(6) COLLATE utf8_unicode_ci NOT NULL,
  `PI_phone` char(10) COLLATE utf8_unicode_ci NOT NULL,
  `PI_date` datetime NOT NULL,
  `PI_card` tinyint(1) unsigned NOT NULL,
  `PI_user` int(10) unsigned NOT NULL
) ENGINE=InnoDB DEFAULT CHARSET=utf8 COLLATE=utf8_unicode_ci;

--
-- Dumping data for table `patient_info`
--

INSERT INTO `patient_info` (`PI_id`, `PI_name`, `PI_age_y`, `PI_age_m`, `PI_age_d`, `PI_gender`, `PI_marital_id`, `PI_address`, `PI_state_id`, `PI_district_id`, `PI_pin`, `PI_phone`, `PI_date`, `PI_card`, `PI_user`) VALUES
(15811, 'Ng Manglem', 78, 0, 0, 1, 5, 'Soibam Leikai', 1, 1, '795001', '0000000000', '2015-08-01 07:33:48', 2, 158),
(15812, 'A. Ghanachandra', 16, 0, 0, 1, 1, 'Phayeng', 1, 2, '795001', '0000000000', '2015-08-01 08:08:41', 2, 158),
(15813, 'Salam Biju Singh', 25, 0, 0, 1, 1, 'Nongmaithong', 1, 4, '795133', '0000000000', '2015-08-01 16:06:41', 2, 1510),
(15814, 'Salam Mema Devi', 53, 0, 0, 2, 2, 'Nongmaithong', 1, 4, '795133', '0000000000', '2015-08-01 16:11:15', 2, 1510),
(15831, 'Th Inoubi', 51, 0, 0, 1, 2, 'Soibam Leikai', 1, 1, '795001', '0000000000', '2015-08-03 06:46:17', 2, 158),
(15832, 'A Thoibi', 35, 0, 0, 2, 2, 'Tairelpokpi', 1, 2, '795001', '8414976030', '2015-08-03 13:31:04', 2, 1510),
(15841, 'G Kendrajit', 80, 0, 0, 1, 2, 'MIRI LEIRAK', 1, 1, '795001', '0000000000', '2015-08-04 08:29:01', 2, 158),
(15842, 'Ch. Victoria', 4, 11, 16, 2, 6, 'MIRI LEIRAK', 1, 1, '795001', '0000000000', '2015-08-04 09:39:09', 2, 158),
(15843, 'Ch Victoria', 11, 0, 0, 2, 1, 'MIRI LEIRAK', 1, 1, '795001', '0000000000', '2015-08-04 10:25:04', 2, 158),
(15844, 'Naobi', 18, 0, 0, 2, 1, 'Andro', 1, 1, '795001', '0000000000', '2015-08-04 14:16:41', 2, 1510),
(15845, 'Babu', 54, 0, 0, 1, 2, 'Keirenphabi', 1, 4, '795133', '0000000000', '2015-08-04 14:28:57', 2, 1510),
(15871, 'A Thoibi', 60, 0, 0, 2, 2, 'Tairelpokpi', 1, 2, '795001', '0000000000', '2015-08-07 11:57:26', 2, 1510),
(15881, 'Rasheshwori', 31, 0, 0, 2, 2, 'Moirang', 1, 4, '795133', '0000000000', '2015-08-08 12:04:09', 2, 158),
(15882, 'N Bijya', 35, 0, 0, 2, 2, 'Phayang', 1, 2, '795001', '0000000000', '2015-08-08 15:44:58', 2, 1510),
(15883, 'A Jamuna', 22, 0, 0, 2, 1, 'Phayang', 1, 2, '795001', '0000000000', '2015-08-08 15:59:35', 2, 1510),
(15884, 'A Eraichao', 41, 0, 0, 1, 2, 'Phayang', 1, 2, '795001', '0000000000', '2015-08-08 16:03:55', 2, 1510),
(15891, 'Th Kelani', 35, 0, 0, 2, 2, 'Soibam Leikai', 1, 1, '795001', '0000000000', '2015-08-09 17:07:27', 2, 1510),
(15911, 'Shimnou', 18, 0, 0, 2, 1, 'Kangchup', 1, 2, '795001', '0000000000', '2015-09-01 14:08:48', 2, 158),
(15912, 'T Nimai', 46, 0, 0, 1, 2, 'Nongmeibung', 1, 1, '795001', '0000000000', '2015-09-01 15:22:03', 2, 158),
(15913, 'Thoi', 29, 0, 0, 2, 2, 'Wangkhei', 1, 1, '795001', '0000000000', '2015-09-01 15:23:01', 2, 158),
(15931, 'K Holyson', 15, 0, 0, 1, 1, 'Kumbi', 1, 4, '000000', '0000000000', '2015-09-03 10:39:23', 2, 1510),
(15932, 'S Amarjit', 27, 0, 0, 1, 1, 'Kumbi', 1, 4, '000000', '0000000000', '2015-09-03 10:42:53', 2, 1510),
(15933, 'H Ranjita', 32, 0, 0, 2, 2, 'Phayang', 1, 2, '795001', '0000000000', '2015-09-03 17:25:55', 2, 1510),
(15934, 'W Abem', 27, 0, 0, 2, 1, 'Phayang', 1, 2, '795001', '0000000000', '2015-09-03 17:33:27', 2, 1510),
(15935, 'L.Memcha', 45, 0, 0, 2, 2, 'Phayang', 1, 2, '795001', '0000000000', '2015-09-03 17:46:15', 2, 158),
(15936, 'N.Ronita', 26, 0, 0, 2, 2, 'Phayeng', 1, 2, '795001', '0000000000', '2015-09-03 17:48:24', 2, 158),
(15941, 'S Yaiphabi', 18, 0, 0, 2, 1, 'Keishamthong', 1, 2, '795001', '9089215345', '2015-09-04 13:51:39', 2, 1510),
(15942, 'A Thoibi', 64, 0, 0, 2, 2, 'Phayeng', 1, 2, '795001', '0000000000', '2015-09-04 13:58:25', 2, 1510),
(15971, 'W Omila', 36, 0, 0, 2, 2, 'Soibam Leikai', 1, 1, '795001', '0000000000', '2015-09-07 09:48:25', 2, 1510),
(15981, 'Ramchandra', 54, 0, 0, 1, 2, 'Sayang', 1, 2, '', '0000000000', '2015-09-08 09:02:52', 2, 1513),
(15982, 'Nemei', 15, 0, 0, 2, 1, 'Kangchup', 1, 2, '795001', '0000000000', '2015-09-08 12:51:01', 2, 1510),
(15983, 'N Maita', 59, 0, 0, 2, 2, 'Phayang', 1, 2, '795001', '0000000000', '2015-09-08 17:11:43', 2, 1510),
(15991, 'Ibempishak', 63, 0, 0, 2, 2, 'Soibam Leikai', 1, 1, '795001', '0000000000', '2015-09-09 11:32:17', 2, 1510),
(15992, 'H Lokendro', 39, 0, 0, 1, 2, 'Soibam Leikai', 1, 1, '795001', '0000000000', '2015-09-09 11:40:19', 2, 1510),
(15993, 'A Apabi', 54, 0, 0, 2, 2, 'Phayeng', 1, 2, '795001', '0000000000', '2015-09-09 12:35:48', 2, 1510),
(15994, 'A Thoibi', 75, 0, 0, 2, 2, 'Phayeng', 1, 2, '795001', '0000000000', '2015-09-09 12:37:58', 2, 1510),
(15995, 'Y Ibemcha', 43, 0, 0, 2, 2, 'Kandangbal', 1, 2, '795001', '0000000000', '2015-09-09 12:44:20', 2, 1510),
(21151, 'Test Patient', 23, 0, 0, 1, 1, 'Wangkhei', 1, 1, '795001', '4212121212', '2002-01-15 14:40:27', 2, 3),
(110151, 'Ruhina', 14, 0, 0, 2, 1, 'Kumbi', 1, 4, '795001', '0000000000', '2015-10-01 08:35:21', 2, 158),
(110152, 'Sanatombi', 50, 0, 0, 2, 2, 'Ithai', 1, 4, '795001', '0000000000', '2015-10-01 08:36:55', 2, 158),
(110153, 'A Ichan', 23, 0, 0, 2, 1, 'Kumbi', 1, 4, '000000', '0000000000', '2015-10-01 16:34:00', 2, 1510),
(110154, 'O Memi', 28, 0, 0, 2, 2, 'Ithai', 1, 4, '000000', '0000000000', '2015-10-01 16:39:08', 2, 1510),
(110155, 'L Mangoljao', 82, 0, 0, 1, 2, 'Terakhong', 1, 4, '000000', '0000000000', '2015-10-01 16:56:26', 2, 1510),
(157261, 'Ngangom Eveytombi', 43, 0, 0, 1, 1, 'Kongba', 1, 1, '465465', '1234567833', '2015-07-26 14:24:55', 2, 157),
(157271, 'A Angoubi Devi', 74, 0, 0, 2, 2, 'Phayeng', 1, 2, '795001', '8414976030', '2015-07-27 12:29:43', 2, 158),
(157272, 'N Sunita', 38, 0, 0, 2, 2, 'Phayeng', 1, 2, '795001', '8414976030', '2015-07-27 12:45:20', 2, 1510),
(157273, 'Athokpam Priya', 32, 0, 0, 2, 2, 'Terakhong', 1, 4, '795133', '0000000000', '2015-07-27 14:40:15', 2, 158),
(157274, 'Ningthoujam Shammu', 65, 0, 0, 1, 2, 'Ithai', 1, 4, '795133', '0000000000', '2015-07-27 17:40:20', 2, 1510),
(157275, 'Megachandra', 40, 0, 0, 1, 2, 'Ithai', 1, 4, '795133', '0000000000', '2015-07-27 17:50:31', 2, 1510),
(157281, 'Mg Liangkuwang ', 38, 0, 0, 1, 2, 'Tamenglong', 1, 9, '795125', '0000000000', '2015-07-28 12:28:58', 2, 1510),
(157291, 'Ch Inao', 43, 0, 0, 1, 2, 'Kongpan', 1, 1, '795001', '0000000000', '2015-07-29 10:57:14', 2, 1510),
(157292, 'M. Takendra', 27, 0, 0, 1, 1, 'Soibam Leikai', 1, 1, '795001', '0000000000', '2015-07-29 11:40:25', 2, 158),
(157293, 'M.Shantikeshwor', 26, 0, 0, 1, 2, 'Soibam Leikai', 1, 1, '795001', '0000000000', '2015-07-29 11:44:19', 2, 158),
(157301, 'W MONIKA', 17, 0, 0, 2, 2, 'TOP', 1, 1, '795001', '0000000000', '2015-07-30 15:40:13', 2, 1510),
(157302, 'G ANGANCHA', 25, 0, 0, 1, 2, 'MIRI LEIRAK', 1, 1, '795001', '0000000000', '2015-07-30 15:44:45', 2, 1510),
(157303, 'MRS NGANBI', 45, 0, 0, 2, 2, 'MIRI LEIRAK', 1, 1, '795001', '0000000000', '2015-07-30 15:47:23', 2, 1510),
(157304, 'A Sanajaoba ', 55, 0, 0, 1, 2, 'Chignagbam', 1, 1, '795001', '0000000000', '2015-07-30 15:57:06', 2, 1510),
(157305, 'Th Nimai', 46, 0, 0, 1, 2, 'Nongmaibung', 1, 1, '795001', '0000000000', '2015-07-30 16:00:48', 2, 1510),
(157306, 'G Kendrajit', 80, 0, 0, 1, 2, 'MIRI LEIRAK', 1, 1, '795001', '0000000000', '2015-07-30 16:03:39', 2, 1510),
(157307, 'S Roshan ', 45, 0, 0, 1, 2, 'MIRI LEIRAK', 1, 1, '795001', '0000000000', '2015-07-30 16:05:52', 2, 1510),
(157308, 'G Kendrajit', 80, 0, 0, 1, 2, 'MIRI LEIRAK', 1, 1, '795001', '0000000000', '2015-07-30 16:07:33', 2, 1510),
(157309, 'Th Soro', 54, 0, 0, 2, 2, 'MIRI LEIRAK', 1, 1, '795001', '0000000000', '2015-07-30 16:09:17', 2, 1510),
(157311, 'Laishram (O) Ibemcha', 28, 0, 0, 2, 2, 'Porompat Soibam Leikai', 1, 1, '795001', '8974958455', '2015-07-31 11:45:28', 2, 157),
(158101, 'Sabitri', 34, 0, 0, 2, 2, 'Kongba', 1, 1, '795005', '8014741904', '2015-08-10 11:43:11', 2, 1510),
(158102, 'Th Inaobi', 51, 0, 0, 1, 2, 'Soibam Leikai', 1, 1, '795001', '0000000000', '2015-08-10 12:23:47', 2, 1510),
(158103, ' Bijya', 35, 0, 0, 2, 2, 'Phayang', 1, 2, '795001', '0000000000', '2015-08-10 16:46:07', 2, 1510),
(158111, 'Sulochana', 59, 0, 0, 2, 2, 'Soibam Leikai', 1, 1, '795001', '0000000000', '2015-08-11 07:49:27', 2, 158),
(158112, 'S Keilani', 35, 0, 0, 2, 2, 'Soibam Leikai', 1, 1, '795001', '0000000000', '2015-08-11 11:51:44', 2, 1510),
(158121, 'M Dinamani', 80, 0, 0, 1, 2, 'Kumbi', 1, 4, '795133', '0000000000', '2015-08-12 17:46:12', 2, 1510),
(158131, 'Th Ibempishak', 70, 0, 0, 2, 2, 'Soibam Leikai', 1, 1, '795001', '0000000000', '2015-08-13 08:01:05', 2, 158),
(158132, 'Irom Tomba', 47, 0, 0, 1, 2, 'Ithai', 1, 4, '795133', '0000000000', '2015-08-13 11:04:35', 2, 158),
(158133, 'N Khomdombi', 62, 0, 0, 2, 2, 'Phayang', 1, 2, '795001', '0000000000', '2015-08-13 16:56:58', 2, 1510),
(158141, 'Nungshibi', 60, 0, 0, 2, 2, 'Soibam Leikai', 1, 1, '795001', '0000000000', '2015-08-14 11:33:31', 2, 1510),
(158142, 'Biken', 45, 0, 0, 1, 2, 'Soibam Leikai', 1, 1, '795001', '0000000000', '2015-08-14 14:03:56', 2, 1510),
(158151, 'Th Rajendro', 53, 0, 0, 1, 2, 'Soibam Leikai', 1, 1, '795001', '0000000000', '2015-08-15 10:55:17', 2, 1510),
(158181, 'A Sunita', 45, 0, 0, 2, 2, 'Phayang', 1, 2, '795001', '0000000000', '2015-08-18 09:59:11', 2, 1510),
(158182, 'A Ibomcha', 44, 0, 0, 1, 2, 'Phayang', 1, 2, '795001', '8414976030', '2015-08-18 10:02:40', 2, 1510),
(158183, 'N Tombisana', 40, 0, 0, 2, 2, 'Phayang', 1, 2, '795001', '0000000000', '2015-08-18 10:04:08', 2, 1510),
(158184, 'H Shanti', 55, 0, 0, 2, 2, 'Lalambung Makhong', 1, 2, '795001', '0000000000', '2015-08-18 11:29:16', 2, 1510),
(158201, 'L Tampaklei', 80, 0, 0, 2, 2, 'Leimaram', 1, 4, '795133', '0000000000', '2015-08-20 08:38:47', 2, 158),
(158202, 'RK Bhakta', 45, 0, 0, 1, 2, 'Keishamthong', 1, 2, '795001', '0000000000', '2015-08-20 08:49:31', 2, 158),
(158203, 'S Premjit', 33, 0, 0, 1, 2, 'Kumbi', 1, 4, '795133', '0000000000', '2015-08-20 09:44:30', 2, 1510),
(158204, 'N Santi', 40, 0, 0, 2, 2, 'Kumbi', 1, 4, '795133', '0000000000', '2015-08-20 09:47:46', 2, 1510),
(158205, 'N Ingocha ', 47, 0, 0, 1, 1, 'Phayang', 1, 2, '795001', '0000000000', '2015-08-20 18:00:32', 2, 1510),
(158211, 'Mina', 54, 0, 0, 2, 2, 'Soibam Leikai', 1, 1, '795001', '0000000000', '2015-08-21 09:13:22', 2, 158),
(158212, 'N Ingocha', 47, 0, 0, 1, 2, 'Phayang', 1, 2, '795001', '0000000000', '2015-08-21 13:01:25', 2, 1510),
(158213, 'L Memcha', 46, 0, 0, 2, 2, 'Phayang', 1, 2, '795001', '0000000000', '2015-08-21 17:25:27', 2, 1510),
(158214, 'A Memma', 53, 0, 0, 2, 2, 'Phayang', 1, 2, '795001', '0000000000', '2015-08-21 17:31:54', 2, 1510),
(158221, 'A Memcha', 51, 0, 0, 2, 2, 'Phayeng', 1, 2, '795001', '0000000000', '2015-08-22 07:53:43', 2, 158),
(158251, 'W. Tiken', 58, 0, 0, 1, 2, 'Kumbi', 1, 4, '000000', '0000000000', '2015-08-25 09:18:02', 2, 158),
(158252, 'A. Bimol Singh', 45, 0, 0, 1, 2, 'Naobakhong', 1, 4, '000000', '0000000000', '2015-08-25 09:23:23', 2, 158),
(158253, 'Chandthoi', 50, 0, 0, 1, 2, 'Pallel', 1, 6, '', '0000000000', '2015-08-25 10:49:20', 2, 158),
(158254, 'A.chingonlei', 58, 0, 0, 2, 2, 'Phayang', 1, 2, '795001', '0000000000', '2015-08-25 11:04:31', 2, 158),
(158271, 'A. Bimol ', 45, 0, 0, 1, 2, 'Naobakhong', 1, 4, '795124', '0000000000', '2015-08-27 15:58:45', 2, 1510),
(158291, 'A. Promita', 28, 0, 0, 2, 2, 'Phayeng', 1, 2, '795001', '0000000000', '2015-08-29 13:20:25', 2, 158),
(158292, 'M. Roshita', 22, 0, 0, 2, 1, 'Sabal', 1, 4, '000000', '0000000000', '2015-08-29 17:45:51', 2, 1510),
(158301, 'S.Bashanti', 24, 0, 0, 2, 1, 'Lairenthabi', 1, 2, '795001', '0000000000', '2015-08-30 09:06:22', 2, 158),
(159101, 'Sanjit', 43, 0, 0, 1, 2, 'Ayangpali', 1, 1, '795001', '0000000000', '2015-09-10 16:01:15', 2, 158),
(159102, 'Bekranjit. A.', 13, 0, 0, 1, 1, 'Phayeng', 1, 2, '795001', '0000000000', '2015-09-10 16:03:23', 2, 158),
(159103, 'N.Rohen', 14, 0, 0, 1, 1, 'Phayeng', 1, 2, '795001', '0000000000', '2015-09-10 16:04:54', 2, 158),
(159104, 'N.Sushil', 14, 0, 0, 1, 1, 'Phayeng', 1, 2, '795001', '0000000000', '2015-09-10 16:06:33', 2, 158),
(159121, 'R.K.nonibala', 38, 0, 0, 2, 1, 'Soibam Leikai', 1, 1, '795001', '0000000000', '2015-09-12 07:51:48', 2, 158),
(159122, 'Baby Roshini', 0, 8, 0, 2, 6, 'Phayeng', 1, 2, '795001', '0000000000', '2015-09-12 08:04:53', 2, 158),
(159123, 'A.Bindya Devi', 25, 0, 0, 2, 1, 'Phayeng Chingdaba', 1, 2, '795001', '0000000000', '2015-09-12 08:39:56', 2, 158),
(159124, 'Baby Roshini', 0, 8, 0, 2, 7, 'Phayeng', 1, 2, '795001', '0000000000', '2015-09-12 08:57:08', 2, 158),
(159125, 'A Brainyson', 18, 0, 0, 1, 1, 'Phayeng', 1, 2, '795001', '0000000000', '2015-09-12 17:14:11', 2, 1510),
(159126, 'A Sheelca', 18, 0, 0, 2, 1, 'Phayeng', 1, 2, '795001', '0000000000', '2015-09-12 17:16:59', 2, 1510),
(159127, 'Th Priya', 29, 0, 0, 2, 2, 'Shigda Dam', 1, 2, '795001', '0000000000', '2015-09-12 17:19:43', 2, 1510),
(210151, 'Phayeng', 0, 0, 0, 2, 2, 'Phayang', 1, 2, '795001', '0000000000', '2015-10-02 09:08:23', 2, 158),
(210152, 'Mohori', 74, 0, 0, 2, 2, 'Kongpal', 1, 1, '795001', '0000000000', '2015-10-02 10:23:23', 2, 1510),
(210153, 'S.Shantibala Devi', 18, 0, 0, 2, 1, 'Nongmaikhong', 1, 4, '000000', '0000000000', '2015-10-02 12:48:29', 2, 1510),
(604161, 'Test', 56, 0, 0, 1, 1, 'Porompat', 1, 1, '795001', '0000000000', '2016-04-06 23:09:35', 2, 1615),
(1509151, 'W Nimeja', 43, 0, 0, 2, 2, 'Kumbi', 1, 4, '000000', '0000000000', '2015-09-15 10:33:30', 2, 1510),
(1573010, 'A Menao', 41, 0, 0, 2, 2, 'MIRI LEIRAK', 1, 1, '795001', '0000000000', '2015-07-30 16:11:47', 2, 1510),
(1573011, ' Apik', 37, 0, 0, 2, 2, 'MIRI LEIRAK', 1, 1, '795001', '0000000000', '2015-07-30 16:13:53', 2, 1510),
(1573012, 'Momota', 35, 0, 0, 2, 2, 'MIRI LEIRAK', 1, 1, '795001', '0000000000', '2015-07-30 16:15:29', 2, 1510),
(1573013, 'G Kendrajit', 80, 0, 0, 1, 2, 'MIRI LEIRAK', 1, 1, '795001', '0000000000', '2015-07-30 16:18:02', 2, 1510),
(1573014, 'K Jinit', 15, 0, 0, 1, 1, 'Top', 1, 1, '795001', '0000000000', '2015-07-30 16:20:02', 2, 1510),
(1573015, 'Denanang', 51, 0, 0, 1, 2, 'Chingmairong', 1, 1, '795001', '0000000000', '2015-07-30 16:24:56', 2, 1510),
(1573016, 'O Tolapishak', 50, 0, 0, 1, 2, 'Khundrakpam', 1, 1, '795001', '0000000000', '2015-07-30 16:29:23', 2, 1510),
(1573017, 'Katrina', 8, 0, 0, 2, 1, 'Sagolband', 1, 1, '795001', '0000000000', '2015-07-30 16:32:39', 2, 1510),
(1573018, 'G Kendrajit', 80, 0, 0, 1, 2, 'MIRI LEIRAK', 1, 1, '795001', '0000000000', '2015-07-30 16:35:25', 2, 1510),
(1573019, 'Rk Aeigoshi', 85, 0, 0, 2, 2, 'MIRI LEIRAK', 1, 1, '795001', '0000000000', '2015-07-30 16:37:22', 2, 1510),
(1573020, 'Prammeshori', 56, 0, 0, 2, 2, 'MIRI LEIRAK', 1, 1, '795001', '0000000000', '2015-07-30 16:39:34', 2, 1510),
(1573021, 'Rajendro', 56, 0, 0, 1, 2, 'MIRI LEIRAK', 1, 1, '795001', '0000000000', '2015-07-30 16:42:40', 2, 1510),
(1573022, 'Kaboklei', 46, 0, 0, 2, 2, 'Khumbi', 1, 2, '795001', '0000000000', '2015-07-30 16:49:05', 2, 1510),
(1573023, 'Abethoi', 30, 0, 0, 2, 2, 'Ayangpali', 1, 1, '795001', '0000000000', '2015-07-30 16:51:43', 2, 1510),
(1573024, 'O Kiran', 35, 0, 0, 1, 2, 'Ithai', 1, 1, '795001', '0000000000', '2015-07-30 16:53:53', 2, 1510),
(1573025, 'Binarani', 36, 0, 0, 2, 2, 'MIRI LEIRAK', 1, 1, '795001', '0000000000', '2015-07-30 17:03:22', 2, 1510),
(1573026, 'Ibe', 34, 0, 0, 2, 1, 'Khumbi', 1, 1, '795001', '0000000000', '2015-07-30 17:43:52', 2, 1510),
(1573027, 'K Rushak', 70, 0, 0, 1, 2, 'Ithai', 1, 4, '795133', '0000000000', '2015-07-30 18:19:36', 2, 1510),
(1609151, 'Kh Robi', 42, 0, 0, 1, 2, 'Shigda Dam', 1, 2, '795001', '0000000000', '2015-09-16 15:35:26', 2, 1510),
(1809151, 'Bimola', 28, 0, 0, 2, 1, 'Lairenkabi', 1, 2, '795001', '0000000000', '2015-09-18 08:14:53', 2, 158),
(2109151, 'Meino', 53, 0, 0, 2, 2, 'Kongpal', 1, 1, '795001', '0000000000', '2015-09-21 10:08:23', 2, 158),
(2109152, 'N.Budha', 70, 0, 0, 1, 2, 'Kongpal', 1, 1, '795001', '0000000000', '2015-09-21 10:10:07', 2, 158),
(2109153, 'S.Amarjit', 17, 0, 0, 1, 1, 'Wangoo', 1, 4, '000000', '0000000000', '2015-09-21 15:09:24', 2, 158),
(2209151, 'Hegin', 35, 0, 0, 1, 2, 'Haotak', 1, 4, '000000', '0000000000', '2015-09-22 11:48:37', 2, 158),
(2209152, 'L.Thoiba', 50, 0, 0, 1, 2, 'Kumbi', 1, 4, '000000', '0000000000', '2015-09-22 11:50:33', 2, 158),
(2209153, 'M.Thonglen', 34, 0, 0, 1, 2, 'Haotak', 1, 4, '000000', '0000000000', '2015-09-22 11:52:30', 2, 158),
(2309151, 'RK Sanatomba', 77, 0, 0, 1, 2, 'Top Leirak', 1, 1, '795001', '0000000000', '2015-09-23 09:50:48', 2, 1510),
(2309152, 'Bedamani', 36, 0, 0, 2, 2, 'Phayeng', 1, 2, '795001', '0000000000', '2015-09-23 10:00:30', 2, 1510),
(2309153, 'N Rohen', 14, 0, 0, 1, 1, 'Phayeng', 1, 2, '795001', '0000000000', '2015-09-23 10:03:35', 2, 1510),
(2309154, 'Tahen', 24, 0, 0, 1, 1, 'Thangmeiban', 1, 2, '795001', '9856176419', '2015-09-23 15:47:54', 2, 158),
(2509151, 'E Amita', 39, 0, 0, 2, 2, 'Ahonggei', 1, 1, '795001', '0000000000', '2015-09-25 10:21:21', 2, 1510),
(2509152, 'M Tikendra', 27, 0, 0, 1, 1, 'Soibam Leikai', 1, 1, '795001', '0000000000', '2015-09-25 13:21:08', 2, 1510),
(2709151, 'Renuka', 24, 0, 0, 2, 1, 'Kwakeithel Laishram Leikai', 1, 2, '795001', '0000000000', '2015-09-27 09:56:22', 2, 1510),
(2709152, 'Th Rajendro', 53, 0, 0, 1, 2, 'Soibam Leikai', 1, 1, '795001', '0000000000', '2015-09-27 11:12:40', 2, 1510),
(2803161, 'Arjun', 16, 0, 0, 1, 1, 'Wangkhei', 1, 1, '795001', '4645454545', '2016-03-28 14:26:51', 2, 158),
(2803162, 'John', 25, 0, 0, 1, 1, 'Rims', 1, 2, '795001', '0000000000', '2016-03-28 21:51:14', 2, 1614),
(2803163, 'Koini', 25, 0, 0, 1, 1, 'Wangkhei', 1, 1, '795001', '0000000000', '2016-03-28 21:58:31', 2, 1614),
(2903161, 'Arjun', 25, 0, 0, 1, 1, 'Wangkhei', 1, 1, '795001', '0000000000', '2016-03-29 11:19:44', 2, 1614),
(2903162, 'Mrs', 55, 0, 0, 1, 1, 'Rims', 1, 2, '795001', '0000000000', '2016-03-29 22:28:28', 2, 1614),
(2909151, 'K.Kishan', 24, 0, 0, 1, 1, 'Soibam Leikai', 1, 1, '795001', '0000000000', '2015-09-29 09:33:21', 2, 158),
(2909152, 'Sahambi', 70, 0, 0, 2, 2, 'Kadangband', 1, 2, '795001', '0000000000', '2015-09-29 13:17:16', 2, 1510),
(2909153, 'Ngir', 31, 0, 0, 1, 2, 'Kangchup Chiru', 1, 2, '795001', '0000000000', '2015-09-29 17:24:16', 2, 1510);

-- --------------------------------------------------------

--
-- Table structure for table `patient_payment`
--

CREATE TABLE `patient_payment` (
  `PP_sl` int(10) unsigned NOT NULL,
  `PP_receipt_no` int(10) unsigned NOT NULL,
  `PP_total` decimal(8,2) NOT NULL,
  `PP_tax` tinyint(1) unsigned NOT NULL,
  `PP_disc` tinyint(1) unsigned NOT NULL,
  `PP_net` decimal(8,2) NOT NULL,
  `PP_paid` decimal(8,2) NOT NULL,
  `PP_date` datetime NOT NULL,
  `PP_bal` decimal(8,2) NOT NULL
) ENGINE=InnoDB DEFAULT CHARSET=utf8 COLLATE=utf8_unicode_ci;

--
-- Dumping data for table `patient_payment`
--

INSERT INTO `patient_payment` (`PP_sl`, `PP_receipt_no`, `PP_total`, `PP_tax`, `PP_disc`, `PP_net`, `PP_paid`, `PP_date`, `PP_bal`) VALUES
(604161, 604161, '580.00', 2, 2, '580.00', '580.00', '2016-04-06 23:09:35', '0.00'),
(2903162, 2903162, '1380.00', 2, 2, '1380.00', '1380.00', '2016-03-29 22:28:29', '0.00');

-- --------------------------------------------------------

--
-- Table structure for table `patient_registration`
--

CREATE TABLE `patient_registration` (
  `pr_receipt_no` int(10) unsigned NOT NULL,
  `pr_patient_id` int(10) unsigned NOT NULL,
  `pr_dr_prescription` varchar(10) COLLATE utf8_unicode_ci NOT NULL,
  `pr_status_id` tinyint(3) unsigned NOT NULL,
  `pr_source_id` tinyint(3) unsigned NOT NULL,
  `pr_referred_id` smallint(5) unsigned NOT NULL,
  `pr_date` datetime NOT NULL
) ENGINE=InnoDB DEFAULT CHARSET=utf8 COLLATE=utf8_unicode_ci;

--
-- Dumping data for table `patient_registration`
--

INSERT INTO `patient_registration` (`pr_receipt_no`, `pr_patient_id`, `pr_dr_prescription`, `pr_status_id`, `pr_source_id`, `pr_referred_id`, `pr_date`) VALUES
(604161, 604161, 'NO', 1, 3, 0, '2016-04-06 23:09:35');

-- --------------------------------------------------------

--
-- Table structure for table `patient_test`
--

CREATE TABLE `patient_test` (
  `PT_sl` int(10) unsigned NOT NULL,
  `PT_receipt_no` int(10) unsigned NOT NULL,
  `PT_test_id` bigint(10) NOT NULL,
  `PT_test_name` varchar(100) COLLATE utf8_unicode_ci NOT NULL,
  `PT_test_price` decimal(8,2) NOT NULL,
  `PT_dept_id` tinyint(3) unsigned NOT NULL,
  `PT_status_id` tinyint(3) unsigned NOT NULL
) ENGINE=InnoDB DEFAULT CHARSET=utf8 COLLATE=utf8_unicode_ci;

--
-- Dumping data for table `patient_test`
--

INSERT INTO `patient_test` (`PT_sl`, `PT_receipt_no`, `PT_test_id`, `PT_test_name`, `PT_test_price`, `PT_dept_id`, `PT_status_id`) VALUES
(15811, 15811, 167, 'Sugar (Fasting)', '100.00', 5, 5),
(15813, 15812, 28, 'Blood Grouping', '90.00', 5, 5),
(15814, 15813, 209, 'Urine RE', '130.00', 5, 5),
(15815, 15814, 209, 'Urine RE', '130.00', 5, 5),
(15821, 15811, 168, 'Sugar (PP)', '100.00', 5, 5),
(15831, 15831, 112, 'Malarial Parasite (OMT)', '350.00', 5, 5),
(15832, 15831, 167, 'Sugar (Fasting)', '100.00', 5, 5),
(15833, 15831, 386, 'Typhidot / Enteriocheck', '350.00', 5, 5),
(15834, 15832, 167, 'Sugar (Fasting)', '100.00', 5, 5),
(15835, 15832, 168, 'Sugar (PP)', '100.00', 5, 5),
(15841, 15841, 167, 'Sugar (Fasting)', '100.00', 5, 5),
(15842, 15841, 168, 'Sugar (PP)', '100.00', 5, 5),
(15843, 15842, 28, 'Blood Grouping', '90.00', 5, 3),
(15844, 15843, 28, 'Blood Grouping', '90.00', 5, 5),
(15845, 15844, 46, 'Complete Haemogram', '400.00', 5, 5),
(15846, 15844, 102, 'KIDNEY FUNCTION TEST/RENAL FUNCTION TEST', '580.00', 5, 5),
(15847, 15844, 107, 'LIVER FUNCTION TEST', '650.00', 5, 5),
(15848, 15845, 46, 'Complete Haemogram', '400.00', 5, 5),
(15849, 15845, 102, 'KIDNEY FUNCTION TEST/RENAL FUNCTION TEST', '580.00', 5, 5),
(15872, 15871, 77, 'Glycosylated (HBA 1C)', '490.00', 5, 5),
(15881, 15881, 84, 'Haemoglobin', '80.00', 5, 5),
(15882, 15881, 28, 'Blood Grouping', '90.00', 5, 5),
(15883, 15881, 209, 'Urine RE', '130.00', 5, 5),
(15884, 15881, 169, 'Sugar (Random)', '100.00', 5, 5),
(15885, 15881, 174, 'Thyroid Stimulating Hormone', '260.00', 5, 5),
(15886, 15881, 69, 'Free - T4', '350.00', 5, 5),
(15887, 15881, 89, 'Hepatitis C ', '450.00', 5, 5),
(15888, 15881, 85, 'HBsAg', '280.00', 5, 5),
(15889, 15882, 46, 'Complete Haemogram', '400.00', 5, 5),
(15891, 15891, 84, 'Haemoglobin', '80.00', 5, 5),
(15911, 15911, 46, 'Complete Haemogram', '400.00', 5, 5),
(15912, 15911, 112, 'Malarial Parasite (OMT)', '350.00', 5, 5),
(15913, 15911, 386, 'Typhidot / Enteriocheck', '350.00', 5, 5),
(15914, 15912, 167, 'Sugar (Fasting)', '100.00', 5, 5),
(15915, 15912, 168, 'Sugar (PP)', '100.00', 5, 5),
(15916, 15913, 187, 'Uric Acid', '150.00', 5, 5),
(15931, 15931, 46, 'Complete Haemogram', '400.00', 5, 5),
(15932, 15932, 187, 'Uric Acid', '150.00', 5, 5),
(15934, 15933, 89, 'Hepatitis C ', '450.00', 5, 5),
(15935, 15934, 46, 'Complete Haemogram', '400.00', 5, 5),
(15936, 15933, 85, 'HBsAg', '280.00', 5, 5),
(15937, 15935, 169, 'Sugar (Random)', '100.00', 5, 5),
(15938, 15936, 216, 'Widal', '180.00', 5, 5),
(15941, 49151, 159, 'SGOT / AST', '130.00', 5, 5),
(15942, 49151, 160, 'SGPT / ALT', '130.00', 5, 5),
(15943, 49151, 28, 'Blood Grouping', '90.00', 5, 5),
(15945, 49151, 29, 'Blood RE', '300.00', 5, 5),
(15946, 49152, 110, 'Lipid Profile', '700.00', 5, 5),
(15947, 49152, 174, 'Thyroid Stimulating Hormone', '260.00', 5, 5),
(15948, 49152, 77, 'Glycosylated (HBA 1C)', '490.00', 5, 5),
(15949, 49152, 167, 'Sugar (Fasting)', '100.00', 5, 5),
(15971, 79151, 28, 'Blood Grouping', '90.00', 5, 5),
(15981, 89151, 28, 'Blood Grouping', '90.00', 5, 5),
(15982, 89151, 29, 'Blood RE', '300.00', 5, 5),
(15983, 89151, 187, 'Uric Acid', '150.00', 5, 5),
(15984, 89151, 102, 'KIDNEY FUNCTION TEST/RENAL FUNCTION TEST', '580.00', 5, 5),
(15985, 89151, 107, 'LIVER FUNCTION TEST', '650.00', 5, 5),
(15986, 89151, 110, 'Lipid Profile', '700.00', 5, 5),
(15987, 89151, 169, 'Sugar (Random)', '100.00', 5, 5),
(15988, 89152, 46, 'Complete Haemogram', '400.00', 5, 5),
(15989, 89153, 169, 'Sugar (Random)', '100.00', 5, 5),
(15991, 99151, 167, 'Sugar (Fasting)', '100.00', 5, 5),
(15992, 99151, 168, 'Sugar (PP)', '100.00', 5, 5),
(15993, 99152, 110, 'Lipid Profile', '700.00', 5, 5),
(15994, 99152, 167, 'Sugar (Fasting)', '100.00', 5, 5),
(15995, 99152, 168, 'Sugar (PP)', '100.00', 5, 5),
(15996, 99153, 169, 'Sugar (Random)', '100.00', 5, 5),
(15997, 99153, 110, 'Lipid Profile', '700.00', 5, 5),
(15998, 99154, 167, 'Sugar (Fasting)', '100.00', 5, 5),
(15999, 99154, 168, 'Sugar (PP)', '100.00', 5, 5),
(151011, 110151, 203, 'Urine Culture And Sensitivity', '430.00', 5, 5),
(151012, 110152, 203, 'Urine Culture And Sensitivity', '430.00', 5, 5),
(151013, 110153, 84, 'Haemoglobin', '80.00', 5, 5),
(151014, 110154, 33, 'Calcium', '160.00', 5, 5),
(151015, 110154, 46, 'Complete Haemogram', '400.00', 5, 5),
(151016, 110155, 102, 'KIDNEY FUNCTION TEST/RENAL FUNCTION TEST', '580.00', 5, 5),
(151017, 110155, 107, 'LIVER FUNCTION TEST', '650.00', 5, 5),
(151021, 210151, 174, 'Thyroid Stimulating Hormone', '260.00', 5, 1),
(151022, 210152, 169, 'Sugar (Random)', '100.00', 5, 1),
(151023, 210152, 84, 'Haemoglobin', '80.00', 5, 1),
(151024, 210152, 53, 'Creatinine', '120.00', 5, 1),
(151025, 210153, 107, 'LIVER FUNCTION TEST', '650.00', 5, 1),
(157261, 157261, 1, 'Absolute Eosinophil Count', '135.00', 5, 3),
(157262, 157261, 7, 'Albumin', '100.00', 5, 3),
(157263, 157261, 12, 'Amylase', '350.00', 5, 3),
(157264, 157262, 3, 'Absolute Lymphocyte Count', '150.00', 5, 3),
(157265, 157262, 12, 'Amylase', '350.00', 5, 3),
(157266, 157262, 367, 'ANCA', '1600.00', 0, 3),
(157267, 157263, 3, 'Absolute Lymphocyte Count', '150.00', 5, 3),
(157271, 157271, 203, 'Urine Culture And Sensitivity', '430.00', 5, 5),
(157272, 157271, 209, 'Urine RE', '130.00', 5, 5),
(157273, 157271, 174, 'Thyroid Stimulating Hormone', '260.00', 5, 5),
(157274, 157272, 167, 'Sugar (Fasting)', '100.00', 5, 5),
(157275, 157272, 168, 'Sugar (PP)', '100.00', 5, 5),
(157276, 157272, 46, 'Complete Haemogram', '400.00', 5, 5),
(157277, 157273, 46, 'Complete Haemogram', '400.00', 5, 5),
(157278, 157273, 173, 'THYROID FUNCTION TEST', '650.00', 5, 5),
(157279, 157274, 159, 'SGOT / AST', '130.00', 5, 5),
(157281, 157281, 107, 'LIVER FUNCTION TEST', '650.00', 5, 5),
(157291, 157291, 167, 'Sugar (Fasting)', '100.00', 5, 5),
(157292, 157291, 168, 'Sugar (PP)', '100.00', 5, 5),
(157293, 157292, 160, 'SGPT / ALT', '130.00', 5, 5),
(157294, 157293, 160, 'SGPT / ALT', '130.00', 5, 5),
(157301, 157301, 169, 'Sugar (Random)', '100.00', 5, 5),
(157302, 157301, 85, 'HBsAg', '280.00', 5, 5),
(157303, 157301, 89, 'Hepatitis C ', '450.00', 5, 5),
(157304, 157301, 212, 'VDRL / RPR', '150.00', 5, 5),
(157305, 157301, 92, 'HIV / R - Antibody', '450.00', 5, 5),
(157306, 157301, 69, 'Free - T4', '350.00', 5, 5),
(157307, 157301, 174, 'Thyroid Stimulating Hormone', '260.00', 5, 5),
(157308, 157301, 209, 'Urine RE', '130.00', 5, 5),
(157309, 157301, 28, 'Blood Grouping', '90.00', 5, 5),
(157311, 157311, 46, 'Complete Haemogram', '400.00', 5, 5),
(157312, 157311, 169, 'Sugar (Random)', '100.00', 5, 5),
(157313, 157311, 212, 'VDRL / RPR', '150.00', 5, 5),
(157314, 157311, 209, 'Urine RE', '130.00', 5, 5),
(157315, 157311, 85, 'HBsAg', '280.00', 5, 5),
(157316, 157311, 89, 'Hepatitis C ', '450.00', 5, 5),
(157317, 157311, 92, 'HIV / R - Antibody', '450.00', 5, 5),
(157318, 157311, 28, 'Blood Grouping', '90.00', 5, 5),
(157319, 157311, 387, 'Bleeding Time, Clotting Time', '120.00', 5, 5),
(158101, 158101, 84, 'Haemoglobin', '80.00', 5, 5),
(158102, 158101, 28, 'Blood Grouping', '90.00', 5, 5),
(158103, 158101, 209, 'Urine RE', '130.00', 5, 5),
(158104, 158101, 169, 'Sugar (Random)', '100.00', 5, 5),
(158105, 158101, 174, 'Thyroid Stimulating Hormone', '260.00', 5, 5),
(158106, 158101, 69, 'Free - T4', '350.00', 5, 5),
(158107, 158101, 85, 'HBsAg', '280.00', 5, 5),
(158108, 158101, 89, 'Hepatitis C ', '450.00', 5, 5),
(158109, 158102, 168, 'Sugar (PP)', '100.00', 5, 5),
(158111, 158111, 167, 'Sugar (Fasting)', '100.00', 5, 5),
(158112, 158111, 209, 'Urine RE', '130.00', 5, 5),
(158113, 158112, 107, 'LIVER FUNCTION TEST', '650.00', 5, 5),
(158114, 158112, 102, 'KIDNEY FUNCTION TEST/RENAL FUNCTION TEST', '580.00', 5, 5),
(158115, 158112, 29, 'Blood RE', '300.00', 5, 5),
(158121, 158121, 46, 'Complete Haemogram', '400.00', 5, 5),
(158131, 158131, 169, 'Sugar (Random)', '100.00', 5, 5),
(158132, 158132, 107, 'LIVER FUNCTION TEST', '650.00', 5, 5),
(158133, 158132, 102, 'KIDNEY FUNCTION TEST/RENAL FUNCTION TEST', '580.00', 5, 5),
(158134, 158132, 46, 'Complete Haemogram', '400.00', 5, 5),
(158135, 158133, 46, 'Complete Haemogram', '400.00', 5, 5),
(158136, 158133, 169, 'Sugar (Random)', '100.00', 5, 5),
(158137, 158133, 110, 'Lipid Profile', '700.00', 5, 5),
(158138, 158133, 174, 'Thyroid Stimulating Hormone', '260.00', 5, 5),
(158141, 158141, 167, 'Sugar (Fasting)', '100.00', 5, 5),
(158142, 158141, 168, 'Sugar (PP)', '100.00', 5, 5),
(158143, 158142, 168, 'Sugar (PP)', '100.00', 5, 5),
(158144, 158143, 167, 'Sugar (Fasting)', '100.00', 5, 5),
(158145, 158143, 168, 'Sugar (PP)', '100.00', 5, 5),
(158151, 158151, 160, 'SGPT / ALT', '130.00', 5, 5),
(158152, 158151, 159, 'SGOT / AST', '130.00', 5, 5),
(158153, 158151, 37, 'Cholesterol', '200.00', 5, 5),
(158154, 158151, 53, 'Creatinine', '120.00', 5, 5),
(158155, 158151, 167, 'Sugar (Fasting)', '100.00', 5, 5),
(158156, 158151, 168, 'Sugar (PP)', '100.00', 5, 5),
(158157, 158151, 182, 'Triglyceride', '200.00', 5, 5),
(158181, 158181, 174, 'Thyroid Stimulating Hormone', '260.00', 5, 5),
(158182, 158181, 169, 'Sugar (Random)', '100.00', 5, 5),
(158183, 158181, 110, 'Lipid Profile', '700.00', 5, 5),
(158184, 158181, 46, 'Complete Haemogram', '400.00', 5, 5),
(158185, 158182, 28, 'Blood Grouping', '90.00', 5, 5),
(158186, 158183, 169, 'Sugar (Random)', '100.00', 5, 5),
(158187, 158184, 102, 'KIDNEY FUNCTION TEST/RENAL FUNCTION TEST', '580.00', 5, 5),
(158188, 158184, 187, 'Uric Acid', '150.00', 5, 5),
(158189, 158184, 167, 'Sugar (Fasting)', '100.00', 5, 5),
(158201, 158201, 102, 'KIDNEY FUNCTION TEST/RENAL FUNCTION TEST', '580.00', 5, 5),
(158202, 158201, 169, 'Sugar (Random)', '100.00', 5, 5),
(158203, 158201, 46, 'Complete Haemogram', '400.00', 5, 5),
(158204, 158202, 107, 'LIVER FUNCTION TEST', '650.00', 5, 5),
(158205, 158202, 110, 'Lipid Profile', '700.00', 5, 5),
(158206, 158202, 187, 'Uric Acid', '150.00', 5, 5),
(158207, 158203, 46, 'Complete Haemogram', '400.00', 5, 5),
(158208, 158204, 53, 'Creatinine', '120.00', 5, 5),
(158209, 158204, 37, 'Cholesterol', '200.00', 5, 5),
(158211, 158211, 37, 'Cholesterol', '200.00', 5, 5),
(158212, 158211, 53, 'Creatinine', '120.00', 5, 5),
(158214, 158211, 169, 'Sugar (Random)', '100.00', 5, 5),
(158215, 158211, 29, 'Blood RE', '300.00', 5, 5),
(158216, 158205, 46, 'Complete Haemogram', '400.00', 5, 5),
(158217, 158212, 46, 'Complete Haemogram', '400.00', 5, 5),
(158218, 158211, 182, 'Triglyceride', '200.00', 5, 5),
(158219, 158213, 169, 'Sugar (Random)', '100.00', 5, 5),
(158221, 158221, 46, 'Complete Haemogram', '400.00', 5, 5),
(158222, 158221, 386, 'Typhidot / Enteriocheck', '350.00', 5, 5),
(158223, 158221, 209, 'Urine RE', '130.00', 5, 5),
(158251, 158251, 169, 'Sugar (Random)', '100.00', 5, 5),
(158252, 158252, 46, 'Complete Haemogram', '400.00', 5, 5),
(158253, 158252, 169, 'Sugar (Random)', '100.00', 5, 5),
(158254, 158252, 187, 'Uric Acid', '150.00', 5, 5),
(158255, 158253, 46, 'Complete Haemogram', '400.00', 5, 5),
(158256, 158253, 107, 'LIVER FUNCTION TEST', '650.00', 5, 5),
(158257, 158254, 187, 'Uric Acid', '150.00', 5, 5),
(158271, 158271, 167, 'Sugar (Fasting)', '100.00', 5, 5),
(158272, 158271, 168, 'Sugar (PP)', '100.00', 5, 5),
(158273, 158271, 37, 'Cholesterol', '200.00', 5, 5),
(158274, 158271, 53, 'Creatinine', '120.00', 5, 5),
(158291, 158291, 174, 'Thyroid Stimulating Hormone', '260.00', 5, 5),
(158292, 158291, 171, 'T3', '260.00', 5, 5),
(158293, 158291, 172, 'T4', '260.00', 5, 5),
(158294, 158291, 169, 'Sugar (Random)', '100.00', 5, 5),
(158295, 158291, 110, 'Lipid Profile', '700.00', 5, 5),
(158296, 158292, 46, 'Complete Haemogram', '400.00', 5, 5),
(158301, 158301, 46, 'Complete Haemogram', '400.00', 5, 5),
(158410, 15845, 107, 'LIVER FUNCTION TEST', '650.00', 5, 5),
(158810, 15883, 46, 'Complete Haemogram', '400.00', 5, 5),
(158811, 15884, 46, 'Complete Haemogram', '400.00', 5, 5),
(158812, 15884, 110, 'Lipid Profile', '700.00', 5, 5),
(158813, 15884, 107, 'LIVER FUNCTION TEST', '650.00', 5, 5),
(158814, 15884, 167, 'Sugar (Fasting)', '100.00', 5, 5),
(158815, 15884, 168, 'Sugar (PP)', '100.00', 5, 5),
(158816, 15884, 77, 'Glycosylated (HBA 1C)', '490.00', 5, 5),
(159101, 109151, 167, 'Sugar (Fasting)', '100.00', 5, 5),
(159102, 109152, 28, 'Blood Grouping', '90.00', 5, 5),
(159103, 109153, 28, 'Blood Grouping', '90.00', 5, 5),
(159104, 109154, 28, 'Blood Grouping', '90.00', 5, 5),
(159121, 129151, 140, 'Prolactin', '480.00', 5, 5),
(159122, 129152, 166, 'Stool Culture & Sensitivity', '430.00', 5, 5),
(159123, 129153, 84, 'Haemoglobin', '80.00', 5, 5),
(159124, 129153, 28, 'Blood Grouping', '90.00', 5, 5),
(159125, 129153, 212, 'VDRL / RPR', '150.00', 5, 5),
(159126, 129153, 169, 'Sugar (Random)', '100.00', 5, 5),
(159127, 129153, 209, 'Urine RE', '130.00', 5, 5),
(159129, 129155, 28, 'Blood Grouping', '90.00', 5, 5),
(159410, 49152, 168, 'Sugar (PP)', '100.00', 5, 5),
(159810, 89153, 110, 'Lipid Profile', '700.00', 5, 5),
(159910, 99155, 169, 'Sugar (Random)', '100.00', 5, 5),
(159912, 99155, 173, 'THYROID FUNCTION TEST', '650.00', 5, 5),
(160461, 604161, 102, 'KIDNEY FUNCTION TEST/RENAL FUNCTION TEST', '580.00', 5, 1),
(1509151, 1509151, 110, 'Lipid Profile', '700.00', 5, 5),
(1509161, 1609151, 112, 'Malarial Parasite (OMT)', '350.00', 5, 5),
(1509181, 1809151, 46, 'Complete Haemogram', '400.00', 5, 5),
(1509211, 2109151, 167, 'Sugar (Fasting)', '100.00', 5, 5),
(1509212, 2109152, 167, 'Sugar (Fasting)', '100.00', 5, 5),
(1509213, 2109153, 46, 'Complete Haemogram', '400.00', 5, 5),
(1509222, 2209152, 28, 'Blood Grouping', '90.00', 5, 5),
(1509223, 2209152, 203, 'Urine Culture And Sensitivity', '430.00', 5, 5),
(1509224, 2209152, 46, 'Complete Haemogram', '400.00', 5, 5),
(1509225, 2209152, 107, 'LIVER FUNCTION TEST', '650.00', 5, 5),
(1509226, 2209153, 102, 'KIDNEY FUNCTION TEST/RENAL FUNCTION TEST', '580.00', 5, 5),
(1509227, 2209153, 107, 'LIVER FUNCTION TEST', '650.00', 5, 5),
(1509228, 2209154, 110, 'Lipid Profile', '700.00', 5, 5),
(1509231, 2309151, 107, 'LIVER FUNCTION TEST', '650.00', 5, 5),
(1509232, 2309151, 102, 'KIDNEY FUNCTION TEST/RENAL FUNCTION TEST', '580.00', 5, 5),
(1509233, 2309151, 110, 'Lipid Profile', '700.00', 5, 5),
(1509234, 2309152, 173, 'THYROID FUNCTION TEST', '650.00', 5, 5),
(1509235, 2309152, 169, 'Sugar (Random)', '100.00', 5, 5),
(1509236, 2309152, 46, 'Complete Haemogram', '400.00', 5, 5),
(1509237, 2309153, 92, 'HIV / R - Antibody', '450.00', 5, 5),
(1509238, 2309154, 46, 'Complete Haemogram', '400.00', 5, 5),
(1509251, 2509151, 110, 'Lipid Profile', '700.00', 5, 5),
(1509252, 2509151, 174, 'Thyroid Stimulating Hormone', '260.00', 5, 5),
(1509253, 2509152, 53, 'Creatinine', '120.00', 5, 5),
(1509271, 2709151, 29, 'Blood RE', '300.00', 5, 5),
(1509272, 2709152, 167, 'Sugar (Fasting)', '100.00', 5, 5),
(1509273, 2709152, 168, 'Sugar (PP)', '100.00', 5, 5),
(1509274, 2709152, 182, 'Triglyceride', '200.00', 5, 5),
(1509291, 2909151, 46, 'Complete Haemogram', '400.00', 5, 1),
(1509292, 2909151, 174, 'Thyroid Stimulating Hormone', '260.00', 5, 1),
(1509293, 2909152, 102, 'KIDNEY FUNCTION TEST/RENAL FUNCTION TEST', '580.00', 5, 5),
(1509294, 2909152, 107, 'LIVER FUNCTION TEST', '650.00', 5, 5),
(1509295, 2909152, 169, 'Sugar (Random)', '100.00', 5, 5),
(1509296, 2909152, 46, 'Complete Haemogram', '400.00', 5, 5),
(1509297, 2909153, 386, 'Typhidot / Enteriocheck', '350.00', 5, 5),
(1572710, 157274, 160, 'SGPT / ALT', '130.00', 5, 5),
(1572712, 157274, 29, 'Blood RE', '300.00', 5, 5),
(1572713, 157275, 187, 'Uric Acid', '150.00', 5, 5),
(1572714, 157274, 53, 'Creatinine', '120.00', 5, 5),
(1573010, 157301, 46, 'Complete Haemogram', '400.00', 5, 5),
(1573011, 157302, 107, 'LIVER FUNCTION TEST', '650.00', 5, 5),
(1573012, 157303, 174, 'Thyroid Stimulating Hormone', '260.00', 5, 5),
(1573013, 157304, 37, 'Cholesterol', '200.00', 5, 5),
(1573014, 157304, 182, 'Triglyceride', '200.00', 5, 5),
(1573015, 157305, 28, 'Blood Grouping', '90.00', 5, 5),
(1573016, 157306, 167, 'Sugar (Fasting)', '100.00', 5, 5),
(1573017, 157307, 167, 'Sugar (Fasting)', '100.00', 5, 5),
(1573018, 157308, 28, 'Blood Grouping', '90.00', 5, 5),
(1573019, 157309, 168, 'Sugar (PP)', '100.00', 5, 5),
(1573020, 1573010, 169, 'Sugar (Random)', '100.00', 5, 5),
(1573021, 1573011, 169, 'Sugar (Random)', '100.00', 5, 5),
(1573022, 1573012, 84, 'Haemoglobin', '80.00', 5, 5),
(1573023, 1573013, 174, 'Thyroid Stimulating Hormone', '260.00', 5, 5),
(1573024, 1573014, 167, 'Sugar (Fasting)', '100.00', 5, 5),
(1573025, 1573014, 168, 'Sugar (PP)', '100.00', 5, 5),
(1573026, 1573015, 107, 'LIVER FUNCTION TEST', '650.00', 5, 5),
(1573027, 1573016, 46, 'Complete Haemogram', '400.00', 5, 5),
(1573028, 1573016, 102, 'KIDNEY FUNCTION TEST/RENAL FUNCTION TEST', '580.00', 5, 5),
(1573029, 1573016, 107, 'LIVER FUNCTION TEST', '650.00', 5, 5),
(1573030, 1573017, 386, 'Typhidot / Enteriocheck', '350.00', 5, 5),
(1573031, 1573017, 107, 'LIVER FUNCTION TEST', '650.00', 5, 5),
(1573032, 1573017, 102, 'KIDNEY FUNCTION TEST/RENAL FUNCTION TEST', '580.00', 5, 5),
(1573033, 1573017, 142, 'Prothrombin Time', '280.00', 5, 5),
(1573034, 1573018, 84, 'Haemoglobin', '80.00', 5, 5),
(1573035, 1573018, 160, 'SGPT / ALT', '130.00', 5, 5),
(1573036, 1573019, 102, 'KIDNEY FUNCTION TEST/RENAL FUNCTION TEST', '580.00', 5, 5),
(1573037, 1573020, 169, 'Sugar (Random)', '100.00', 5, 5),
(1573038, 1573021, 167, 'Sugar (Fasting)', '100.00', 5, 5),
(1573039, 1573021, 168, 'Sugar (PP)', '100.00', 5, 5),
(1573040, 1573022, 167, 'Sugar (Fasting)', '100.00', 5, 5),
(1573041, 1573023, 110, 'Lipid Profile', '700.00', 5, 5),
(1573042, 1573023, 209, 'Urine RE', '130.00', 5, 5),
(1573043, 1573024, 187, 'Uric Acid', '150.00', 5, 5),
(1573044, 1573025, 107, 'LIVER FUNCTION TEST', '650.00', 5, 5),
(1573045, 1573026, 169, 'Sugar (Random)', '100.00', 5, 5),
(1573046, 157307, 168, 'Sugar (PP)', '100.00', 5, 5),
(1573047, 1573027, 46, 'Complete Haemogram', '400.00', 5, 5),
(1573048, 1573027, 174, 'Thyroid Stimulating Hormone', '260.00', 5, 5),
(1573049, 1573028, 46, 'Complete Haemogram', '400.00', 5, 5),
(1573050, 1573028, 102, 'KIDNEY FUNCTION TEST/RENAL FUNCTION TEST', '580.00', 5, 5),
(1573051, 1573028, 107, 'LIVER FUNCTION TEST', '650.00', 5, 5),
(1581010, 158103, 167, 'Sugar (Fasting)', '100.00', 5, 5),
(1581011, 158103, 168, 'Sugar (PP)', '100.00', 5, 5),
(1581012, 158104, 174, 'Thyroid Stimulating Hormone', '260.00', 5, 5),
(1581013, 158104, 163, 'Sputum AFB', '150.00', 5, 5),
(1581810, 158184, 168, 'Sugar (PP)', '100.00', 5, 5),
(1582010, 158204, 182, 'Triglyceride', '200.00', 5, 5),
(1582011, 158205, 386, 'Typhidot / Enteriocheck', '350.00', 5, 5),
(1582012, 158205, 112, 'Malarial Parasite (OMT)', '350.00', 5, 5),
(1582110, 158213, 174, 'Thyroid Stimulating Hormone', '260.00', 5, 5),
(1582111, 158213, 209, 'Urine RE', '130.00', 5, 5),
(1582112, 158213, 203, 'Urine Culture And Sensitivity', '430.00', 5, 5),
(1582113, 158214, 169, 'Sugar (Random)', '100.00', 5, 5),
(1582114, 158214, 171, 'T3', '260.00', 5, 5),
(1582115, 158214, 172, 'T4', '260.00', 5, 5),
(1582116, 158214, 174, 'Thyroid Stimulating Hormone', '260.00', 5, 5),
(1582117, 158214, 110, 'Lipid Profile', '700.00', 5, 5),
(1591210, 129156, 28, 'Blood Grouping', '90.00', 5, 5),
(1591211, 129157, 174, 'Thyroid Stimulating Hormone', '260.00', 5, 5),
(1591212, 129157, 84, 'Haemoglobin', '80.00', 5, 5),
(1603281, 2803161, 28, 'Blood Grouping', '90.00', 5, 1),
(1603282, 2803162, 102, 'KIDNEY FUNCTION TEST/RENAL FUNCTION TEST', '580.00', 5, 1),
(1603283, 2803163, 502, 'Acid Phosphatase', '350.00', 5, 1),
(1603291, 2903161, 107, 'LIVER FUNCTION TEST', '650.00', 5, 1),
(1603292, 2903161, 336, 'X - Ray Styloid Process', '270.00', 8, 1),
(1603293, 2903162, 102, 'KIDNEY FUNCTION TEST/RENAL FUNCTION TEST', '580.00', 5, 1),
(1603294, 2903162, 107, 'LIVER FUNCTION TEST', '650.00', 5, 1),
(1603295, 2903162, 187, 'Uric Acid', '150.00', 5, 1),
(2209151, 2209151, 168, 'Sugar (PP)', '100.00', 5, 5);

-- --------------------------------------------------------

--
-- Table structure for table `patient_transaction`
--

CREATE TABLE `patient_transaction` (
  `TR_id` int(10) unsigned NOT NULL,
  `TR_pp_sl` int(10) unsigned NOT NULL,
  `TR_amount` decimal(8,2) NOT NULL,
  `TR_date` datetime NOT NULL,
  `TR_user` int(10) unsigned NOT NULL
) ENGINE=InnoDB DEFAULT CHARSET=utf8 COLLATE=utf8_unicode_ci;

--
-- Dumping data for table `patient_transaction`
--

INSERT INTO `patient_transaction` (`TR_id`, `TR_pp_sl`, `TR_amount`, `TR_date`, `TR_user`) VALUES
(15811, 15811, '0.00', '2015-08-01 07:33:48', 158),
(15812, 15812, '100.00', '2015-08-01 08:08:41', 158),
(15813, 15812, '90.00', '2015-08-01 14:18:00', 1510),
(15814, 15813, '0.00', '2015-08-01 16:06:41', 1510),
(15815, 15814, '0.00', '2015-08-01 16:11:15', 1510),
(15831, 15831, '0.00', '2015-08-03 06:46:17', 158),
(15832, 15832, '200.00', '2015-08-03 13:31:04', 1510),
(15833, 15831, '500.00', '2015-08-03 15:21:10', 158),
(15841, 15841, '200.00', '2015-08-04 08:29:01', 158),
(15842, 15842, '90.00', '2015-08-04 09:39:09', 158),
(15843, 15843, '90.00', '2015-08-04 10:25:04', 158),
(15844, 15844, '1630.00', '2015-08-04 14:16:41', 1510),
(15845, 15845, '0.00', '2015-08-04 14:28:57', 1510),
(15846, 15845, '1630.00', '2015-08-04 17:00:01', 1510),
(15847, 15831, '250.00', '2015-08-04 17:45:34', 1510),
(15861, 15811, '180.00', '2015-08-06 07:47:04', 158),
(15862, 157307, '100.00', '2015-08-06 07:59:05', 158),
(15881, 15881, '1740.00', '2015-07-06 12:04:00', 158),
(15882, 15882, '400.00', '2015-08-08 15:44:58', 1510),
(15883, 15883, '400.00', '2015-08-08 15:59:35', 1510),
(15884, 15884, '2440.00', '2015-08-08 16:03:55', 1510),
(15891, 15891, '80.00', '2015-08-09 17:07:27', 1510),
(15911, 15911, '1100.00', '2015-08-31 14:14:00', 158),
(15912, 158221, '880.00', '2015-09-01 14:27:35', 2),
(15913, 15912, '200.00', '2015-08-31 15:23:00', 158),
(15914, 15913, '150.00', '2015-08-31 15:24:00', 158),
(15915, 15871, '490.00', '2015-09-01 16:30:58', 2),
(15931, 15931, '0.00', '2015-09-03 10:39:23', 1510),
(15932, 15932, '0.00', '2015-09-03 10:42:53', 1510),
(15934, 15934, '400.00', '2015-09-03 17:33:27', 1510),
(15937, 15933, '730.00', '2015-09-03 17:41:11', 2),
(15938, 15935, '100.00', '2015-09-03 17:46:15', 158),
(15939, 15936, '180.00', '2015-09-03 17:48:24', 158),
(15941, 157301, '1550.00', '2015-09-04 12:55:43', 2),
(15943, 15942, '1650.00', '2015-09-04 13:58:25', 1510),
(15982, 15971, '80.00', '2015-09-08 10:44:10', 2),
(15985, 15982, '400.00', '2015-09-08 12:51:01', 1510),
(15987, 15983, '800.00', '2015-09-08 17:11:43', 1510),
(15991, 15991, '200.00', '2015-09-09 11:32:18', 1510),
(15992, 15992, '900.00', '2015-09-09 11:40:19', 1510),
(15993, 15993, '800.00', '2015-09-09 12:35:48', 1510),
(15994, 15994, '200.00', '2015-09-09 12:37:58', 1510),
(15996, 15995, '750.00', '2015-09-09 12:51:43', 2),
(110151, 110151, '0.00', '2015-09-28 09:09:00', 158),
(110152, 110152, '0.00', '2015-09-22 09:08:00', 158),
(110153, 110153, '0.00', '2015-10-01 16:34:01', 1510),
(110154, 110154, '0.00', '2015-10-01 16:39:08', 1510),
(110155, 110155, '0.00', '2015-10-01 16:56:26', 1510),
(157261, 157261, '400.00', '2015-07-26 14:21:47', 157),
(157262, 157262, '1000.00', '2015-07-26 14:24:55', 157),
(157263, 157261, '85.00', '2015-07-26 14:26:47', 157),
(157264, 157263, '100.00', '2015-07-26 14:28:19', 157),
(157271, 157271, '820.00', '2015-07-27 12:29:43', 158),
(157272, 157272, '600.00', '2015-07-27 12:45:20', 1510),
(157273, 157273, '0.00', '2015-07-26 14:40:00', 158),
(157281, 157281, '650.00', '2015-07-28 12:28:58', 1510),
(157291, 157291, '200.00', '2015-07-29 10:57:14', 1510),
(157292, 157292, '130.00', '2015-07-29 11:40:25', 158),
(157293, 157293, '130.00', '2015-07-29 11:44:19', 158),
(157302, 157302, '500.00', '2015-06-25 15:44:00', 1510),
(157303, 157303, '200.00', '2015-06-29 15:47:00', 1510),
(157304, 157304, '340.00', '2015-06-30 15:52:00', 1510),
(157305, 157305, '50.00', '2015-06-30 15:57:00', 1510),
(157306, 157306, '100.00', '2015-07-01 16:00:00', 1510),
(157307, 157307, '90.00', '2015-07-01 16:03:00', 1510),
(157308, 157308, '90.00', '2015-07-02 16:05:00', 1510),
(157309, 157309, '80.00', '2015-07-02 16:07:00', 1510),
(157311, 157311, '0.00', '2015-07-31 11:45:28', 157),
(157312, 157311, '2100.00', '2015-07-31 18:11:01', 157),
(158101, 158101, '0.00', '2015-08-10 11:43:11', 1510),
(158102, 158102, '100.00', '2015-08-10 12:23:47', 1510),
(158103, 158103, '100.00', '2015-08-09 16:46:00', 1510),
(158104, 158104, '0.00', '2015-08-09 17:59:00', 158),
(158111, 158111, '230.00', '2015-08-11 07:49:27', 158),
(158112, 158103, '100.00', '2015-08-11 10:19:21', 158),
(158113, 158112, '1230.00', '2015-08-11 11:51:44', 1510),
(158114, 158112, '300.00', '2015-08-11 14:52:49', 1510),
(158121, 158121, '0.00', '2015-08-12 17:46:12', 1510),
(158131, 158131, '100.00', '2015-08-13 08:01:06', 158),
(158132, 158132, '0.00', '2015-08-13 11:04:35', 158),
(158133, 158133, '1460.00', '2015-08-13 16:56:58', 1510),
(158134, 158104, '410.00', '2015-08-13 18:45:45', 1510),
(158141, 158141, '100.00', '2015-08-14 11:33:31', 1510),
(158142, 158142, '100.00', '2015-08-14 13:42:49', 1510),
(158143, 158143, '200.00', '2015-08-14 14:03:56', 1510),
(158151, 158151, '0.00', '2015-08-15 10:55:17', 1510),
(158171, 158101, '1740.00', '2015-08-17 08:11:21', 158),
(158181, 158181, '1460.00', '2015-08-18 09:59:11', 1510),
(158182, 158182, '90.00', '2015-08-18 10:02:40', 1510),
(158183, 158183, '100.00', '2015-08-18 10:04:09', 1510),
(158184, 158184, '0.00', '2015-08-18 11:29:16', 1510),
(158185, 158184, '930.00', '2015-08-18 16:31:52', 158),
(158191, 158151, '780.00', '2015-08-19 11:15:32', 158),
(158192, 158181, '438.00', '2015-08-19 11:16:01', 158),
(158193, 158182, '27.00', '2015-08-19 11:16:09', 158),
(158194, 158183, '30.00', '2015-08-19 11:16:18', 158),
(158201, 158201, '1080.00', '2015-08-20 08:38:47', 158),
(158203, 158203, '0.00', '2015-08-20 09:44:30', 1510),
(158204, 158204, '0.00', '2015-08-20 09:47:46', 1510),
(158205, 158205, '0.00', '2015-08-20 18:00:32', 1510),
(158211, 158211, '800.00', '2015-08-21 09:13:22', 158),
(158213, 158211, '80.00', '2015-08-21 13:59:52', 158),
(158214, 158213, '0.00', '2015-08-21 17:25:27', 1510),
(158215, 158214, '100.00', '2015-08-21 17:31:54', 1510),
(158222, 158205, '1100.00', '2015-08-22 12:24:09', 1510),
(158242, 157274, '0.00', '2015-08-24 15:06:33', 2),
(158243, 157275, '0.00', '2015-08-24 15:07:03', 2),
(158244, 1573023, '0.00', '2015-08-24 15:07:46', 2),
(158245, 1573025, '0.00', '2015-08-24 15:08:41', 2),
(158246, 1573027, '0.00', '2015-08-24 15:09:08', 2),
(158247, 1573028, '0.00', '2015-08-24 15:09:35', 2),
(158248, 158202, '1500.00', '2015-08-24 15:28:50', 2),
(158251, 158212, '400.00', '2015-08-25 09:09:35', 2),
(158252, 158251, '0.00', '2015-08-25 09:18:02', 158),
(158253, 158252, '0.00', '2015-08-25 09:23:23', 158),
(158254, 158253, '1050.00', '2015-08-25 10:49:20', 158),
(158255, 158254, '150.00', '2015-08-25 11:04:31', 158),
(158271, 158271, '0.00', '2015-08-27 15:58:45', 1510),
(158292, 158291, '1580.00', '2015-08-29 13:26:50', 2),
(158293, 158292, '0.00', '2015-08-29 17:45:51', 1510),
(158301, 158301, '400.00', '2015-08-30 09:06:22', 158),
(159101, 159101, '100.00', '2015-09-10 16:01:15', 158),
(159102, 159102, '90.00', '2015-09-10 16:03:24', 158),
(159103, 159103, '90.00', '2015-09-10 16:04:54', 158),
(159104, 159104, '90.00', '2015-09-10 16:06:33', 158),
(159121, 159121, '480.00', '2015-09-11 10:24:00', 158),
(159122, 159122, '430.00', '2015-09-08 08:12:00', 158),
(159123, 159123, '550.00', '2015-09-12 08:39:56', 158),
(159125, 159125, '90.00', '2015-09-12 17:14:11', 1510),
(159126, 159126, '90.00', '2015-09-12 17:16:59', 1510),
(159127, 159127, '340.00', '2015-09-12 17:19:43', 1510),
(159214, 159124, '0.00', '2015-09-21 16:34:56', 2),
(159237, 15941, '650.00', '2015-09-23 17:54:13', 2),
(210151, 210151, '260.00', '2015-09-29 16:56:00', 158),
(210152, 210152, '0.00', '2015-10-02 10:23:23', 1510),
(210153, 210153, '0.00', '2015-10-02 12:48:29', 1510),
(604161, 604161, '580.00', '2016-04-06 23:09:35', 1615),
(1509151, 1509151, '0.00', '2015-09-15 10:33:30', 1510),
(1573010, 1573010, '90.00', '2015-07-03 16:09:00', 1510),
(1573011, 1573011, '90.00', '2015-07-03 16:11:00', 1510),
(1573012, 1573012, '80.00', '2015-07-05 16:13:00', 1510),
(1573013, 1573013, '250.00', '2015-07-07 16:15:00', 1510),
(1573014, 1573014, '200.00', '2015-07-10 16:18:00', 1510),
(1573015, 1573015, '650.00', '2015-07-10 16:20:00', 1510),
(1573016, 1573016, '1630.00', '2015-07-10 16:24:00', 1510),
(1573017, 1573017, '1860.00', '2015-07-11 16:29:00', 1510),
(1573018, 1573018, '200.00', '2015-07-13 16:32:00', 1510),
(1573019, 1573019, '580.00', '2015-07-13 16:35:00', 1510),
(1573020, 1573020, '100.00', '2015-07-13 16:37:00', 1510),
(1573021, 1573021, '190.00', '2015-07-15 16:39:00', 1510),
(1573022, 1573022, '90.00', '2015-07-15 16:42:00', 1510),
(1573024, 1573024, '150.00', '2015-07-19 16:51:00', 1510),
(1573026, 1573026, '0.00', '2015-07-24 17:03:00', 1510),
(1609151, 1609151, '350.00', '2015-09-16 15:35:26', 1510),
(1709151, 15981, '2570.00', '2015-09-17 10:51:57', 2),
(1809151, 1809151, '400.00', '2015-09-18 08:14:53', 158),
(2109151, 2109151, '100.00', '2015-09-21 10:08:23', 158),
(2109153, 2109153, '0.00', '2015-09-21 15:09:24', 158),
(2209151, 2209151, '100.00', '2015-09-22 11:03:18', 158),
(2209152, 2209152, '0.00', '2015-09-22 11:48:37', 158),
(2209153, 2209153, '0.00', '2015-09-22 11:50:33', 158),
(2209154, 2209154, '0.00', '2015-09-22 11:52:30', 158),
(2209155, 2109152, '0.00', '2015-09-22 16:49:38', 2),
(2309152, 2309152, '1150.00', '2015-09-23 10:00:30', 1510),
(2309153, 2309153, '450.00', '2015-09-23 10:03:35', 1510),
(2309155, 2309154, '400.00', '2015-09-23 15:47:54', 158),
(2509151, 2509151, '960.00', '2015-09-25 10:21:21', 1510),
(2509152, 2509152, '120.00', '2015-09-25 13:21:08', 1510),
(2509154, 2309151, '1930.00', '2015-09-25 15:18:38', 2),
(2709155, 2709152, '400.00', '2015-09-27 14:30:36', 2),
(2803161, 2803161, '90.00', '2016-03-28 14:26:51', 158),
(2803162, 2803162, '580.00', '2016-03-28 21:51:14', 1614),
(2803163, 2803163, '350.00', '2016-03-28 21:58:31', 1614),
(2903161, 2903161, '920.00', '2016-03-29 11:19:44', 1614),
(2903162, 2903162, '1380.00', '2016-03-29 22:28:29', 1614),
(2909151, 2709151, '300.00', '2015-09-29 09:22:07', 2),
(2909152, 2909151, '660.00', '2015-09-29 09:33:21', 158),
(2909153, 2909152, '1730.00', '2015-09-29 13:17:16', 1510),
(2909154, 2909153, '350.00', '2015-09-29 17:24:16', 1510);

-- --------------------------------------------------------

--
-- Table structure for table `pin_tbl`
--

CREATE TABLE `pin_tbl` (
  `pin_id` int(10) NOT NULL,
  `pin_code` int(6) NOT NULL,
  `district_id` int(10) NOT NULL
) ENGINE=InnoDB DEFAULT CHARSET=utf8 COLLATE=utf8_unicode_ci;

-- --------------------------------------------------------

--
-- Table structure for table `price_dump`
--

CREATE TABLE `price_dump` (
  `PD_sl` int(10) unsigned NOT NULL,
  `PD_test_id` int(10) unsigned NOT NULL,
  `PD_price` decimal(8,2) NOT NULL,
  `PD_version` smallint(5) unsigned NOT NULL
) ENGINE=InnoDB DEFAULT CHARSET=latin1;

--
-- Dumping data for table `price_dump`
--

INSERT INTO `price_dump` (`PD_sl`, `PD_test_id`, `PD_price`, `PD_version`) VALUES
(1, 1, '120.00', 151),
(2, 2, '1700.00', 151),
(3, 3, '120.00', 151),
(4, 4, '120.00', 151),
(5, 5, '490.00', 151),
(6, 6, '750.00', 151),
(7, 7, '90.00', 151),
(8, 8, '350.00', 151),
(9, 9, '130.00', 151),
(10, 10, '100.00', 151),
(11, 12, '330.00', 151),
(12, 13, '1910.00', 151),
(13, 14, '770.00', 151),
(14, 15, '1450.00', 151),
(15, 16, '1050.00', 151),
(16, 17, '820.00', 151),
(17, 18, '1700.00', 151),
(18, 20, '330.00', 151),
(19, 22, '480.00', 151),
(20, 23, '550.00', 151),
(21, 24, '80.00', 151),
(22, 25, '80.00', 151),
(23, 26, '200.00', 151),
(24, 27, '50.00', 151),
(25, 28, '90.00', 151),
(26, 29, '280.00', 151),
(27, 30, '60.00', 151),
(28, 31, '65.00', 151),
(29, 32, '900.00', 151),
(30, 33, '140.00', 151),
(31, 34, '430.00', 151),
(32, 35, '600.00', 151),
(33, 36, '120.00', 151),
(34, 37, '200.00', 151),
(35, 38, '250.00', 151),
(36, 39, '300.00', 151),
(37, 40, '80.00', 151),
(38, 41, '750.00', 151),
(39, 42, '350.00', 151),
(40, 43, '350.00', 151),
(41, 44, '500.00', 151),
(42, 45, '110.00', 151),
(43, 46, '380.00', 151),
(44, 47, '200.00', 151),
(45, 48, '200.00', 151),
(46, 49, '250.00', 151),
(47, 50, '330.00', 151),
(48, 51, '300.00', 151),
(49, 52, '60.00', 151),
(50, 53, '110.00', 151),
(51, 54, '380.00', 151),
(52, 55, '90.00', 151),
(53, 56, '50.00', 151),
(54, 57, '100.00', 151),
(55, 58, '200.00', 151),
(56, 60, '300.00', 151),
(57, 61, '90.00', 151),
(58, 62, '700.00', 151),
(59, 63, '690.00', 151),
(60, 64, '520.00', 151),
(61, 65, '350.00', 151),
(62, 66, '350.00', 151),
(63, 67, '770.00', 151),
(64, 68, '330.00', 151),
(65, 69, '330.00', 151),
(66, 70, '580.00', 151),
(67, 71, '450.00', 151),
(68, 72, '130.00', 151),
(69, 73, '300.00', 151),
(70, 74, '150.00', 151),
(71, 75, '430.00', 151),
(72, 76, '100.00', 151),
(73, 77, '480.00', 151),
(74, 78, '70.00', 151),
(75, 79, '110.00', 151),
(76, 80, '350.00', 151),
(77, 81, '300.00', 151),
(78, 82, '220.00', 151),
(79, 83, '520.00', 151),
(80, 84, '80.00', 151),
(81, 85, '280.00', 151),
(82, 86, '1350.00', 151),
(83, 87, '800.00', 151),
(84, 88, '800.00', 151),
(85, 89, '420.00', 151),
(86, 90, '240.00', 151),
(87, 91, '550.00', 151),
(88, 92, '450.00', 151),
(89, 93, '1100.00', 151),
(90, 94, '650.00', 151),
(91, 95, '1050.00', 151),
(92, 96, '350.00', 151),
(93, 97, '350.00', 151),
(94, 98, '680.00', 151),
(95, 99, '550.00', 151),
(96, 100, '140.00', 151),
(97, 101, '400.00', 151),
(98, 102, '500.00', 151),
(99, 103, '180.00', 151),
(100, 104, '250.00', 151),
(101, 105, '300.00', 151),
(102, 107, '550.00', 151),
(103, 108, '450.00', 151),
(104, 109, '330.00', 151),
(105, 110, '650.00', 151),
(106, 111, '280.00', 151),
(107, 112, '350.00', 151),
(108, 113, '100.00', 151),
(109, 114, '350.00', 151),
(110, 115, '100.00', 151),
(111, 116, '170.00', 151),
(112, 117, '170.00', 151),
(113, 118, '170.00', 151),
(114, 119, '50.00', 151),
(115, 120, '50.00', 151),
(116, 121, '50.00', 151),
(117, 122, '1100.00', 151),
(118, 123, '500.00', 151),
(119, 124, '110.00', 151),
(120, 125, '90.00', 151),
(121, 126, '100.00', 151),
(122, 127, '330.00', 151),
(123, 128, '80.00', 151),
(124, 129, '250.00', 151),
(125, 130, '430.00', 151),
(126, 131, '300.00', 151),
(127, 132, '60.00', 151),
(128, 133, '90.00', 151),
(129, 134, '330.00', 151),
(130, 135, '250.00', 151),
(131, 136, '300.00', 151),
(132, 137, '300.00', 151),
(133, 138, '110.00', 151),
(134, 139, '110.00', 151),
(135, 140, '450.00', 151),
(136, 141, '120.00', 151),
(137, 142, '250.00', 151),
(138, 143, '660.00', 151),
(139, 144, '660.00', 151),
(140, 145, '90.00', 151),
(141, 146, '380.00', 151),
(142, 148, '90.00', 151),
(143, 149, '20.00', 151),
(144, 150, '150.00', 151),
(145, 151, '350.00', 151),
(146, 152, '350.00', 151),
(147, 154, '350.00', 151),
(148, 155, '350.00', 151),
(149, 156, '380.00', 151),
(150, 157, '700.00', 151),
(151, 158, '220.00', 151),
(152, 159, '110.00', 151),
(153, 160, '110.00', 151),
(154, 161, '300.00', 151),
(155, 162, '130.00', 151),
(156, 163, '150.00', 151),
(157, 164, '380.00', 151),
(158, 165, '120.00', 151),
(159, 166, '380.00', 151),
(160, 167, '100.00', 151),
(161, 168, '100.00', 151),
(162, 169, '100.00', 151),
(163, 170, '300.00', 151),
(164, 171, '260.00', 151),
(165, 172, '260.00', 151),
(166, 173, '650.00', 151),
(167, 174, '260.00', 151),
(168, 175, '380.00', 151),
(169, 176, '2300.00', 151),
(170, 177, '90.00', 151),
(171, 178, '110.00', 151),
(172, 179, '70.00', 151),
(173, 180, '350.00', 151),
(174, 181, '350.00', 151),
(175, 182, '200.00', 151),
(176, 183, '780.00', 151),
(177, 184, '350.00', 151),
(178, 185, '110.00', 151),
(179, 186, '110.00', 151),
(180, 187, '150.00', 151),
(181, 188, '80.00', 151),
(182, 189, '250.00', 151),
(183, 190, '150.00', 151),
(184, 191, '200.00', 151),
(185, 192, '100.00', 151),
(186, 193, '170.00', 151),
(187, 194, '150.00', 151),
(188, 195, '110.00', 151),
(189, 196, '150.00', 151),
(190, 197, '150.00', 151),
(191, 198, '90.00', 151),
(192, 199, '40.00', 151),
(193, 200, '100.00', 151),
(194, 201, '150.00', 151),
(195, 202, '110.00', 151),
(196, 203, '380.00', 151),
(197, 204, '350.00', 151),
(198, 205, '220.00', 151),
(199, 206, '50.00', 151),
(200, 207, '320.00', 151),
(201, 208, '90.00', 151),
(202, 209, '120.00', 151),
(203, 210, '90.00', 151),
(204, 211, '60.00', 151),
(205, 212, '150.00', 151),
(206, 213, '180.00', 151),
(207, 214, '380.00', 151),
(208, 215, '1700.00', 151),
(209, 216, '170.00', 151),
(210, 217, '700.00', 151),
(211, 218, '500.00', 151),
(212, 219, '450.00', 151),
(213, 220, '350.00', 151),
(214, 221, '450.00', 151),
(215, 222, '350.00', 151),
(216, 223, '450.00', 151),
(217, 224, '350.00', 151),
(218, 225, '550.00', 151),
(219, 226, '350.00', 151),
(220, 227, '450.00', 151),
(221, 228, '450.00', 151),
(222, 229, '350.00', 151),
(223, 230, '350.00', 151),
(224, 232, '700.00', 151),
(225, 233, '700.00', 151),
(226, 234, '450.00', 151),
(227, 235, '250.00', 151),
(228, 236, '450.00', 151),
(229, 237, '1150.00', 151),
(230, 238, '1250.00', 151),
(231, 239, '700.00', 151),
(232, 240, '380.00', 151),
(233, 242, '370.00', 151),
(234, 243, '350.00', 151),
(235, 244, '370.00', 151),
(236, 245, '250.00', 151),
(237, 246, '750.00', 151),
(238, 247, '800.00', 151),
(239, 248, '600.00', 151),
(240, 249, '550.00', 151),
(241, 250, '250.00', 151),
(242, 251, '250.00', 151),
(243, 252, '350.00', 151),
(244, 253, '350.00', 151),
(245, 254, '380.00', 151),
(246, 256, '250.00', 151),
(247, 257, '380.00', 151),
(248, 258, '250.00', 151),
(249, 259, '250.00', 151),
(250, 260, '400.00', 151),
(251, 261, '250.00', 151),
(252, 262, '250.00', 151),
(253, 263, '400.00', 151),
(254, 264, '350.00', 151),
(255, 265, '400.00', 151),
(256, 266, '250.00', 151),
(257, 267, '370.00', 151),
(258, 268, '250.00', 151),
(259, 269, '350.00', 151),
(260, 270, '350.00', 151),
(261, 271, '480.00', 151),
(262, 272, '350.00', 151),
(263, 273, '480.00', 151),
(264, 274, '250.00', 151),
(265, 275, '400.00', 151),
(266, 276, '330.00', 151),
(267, 277, '250.00', 151),
(268, 278, '250.00', 151),
(269, 279, '320.00', 151),
(270, 280, '850.00', 151),
(271, 281, '750.00', 151),
(272, 282, '250.00', 151),
(273, 283, '350.00', 151),
(274, 284, '370.00', 151),
(275, 285, '380.00', 151),
(276, 286, '380.00', 151),
(277, 287, '380.00', 151),
(278, 288, '350.00', 151),
(279, 289, '250.00', 151),
(280, 290, '250.00', 151),
(281, 291, '330.00', 151),
(282, 292, '330.00', 151),
(283, 293, '250.00', 151),
(284, 294, '250.00', 151),
(285, 295, '350.00', 151),
(286, 296, '250.00', 151),
(287, 297, '650.00', 151),
(288, 298, '750.00', 151),
(289, 299, '250.00', 151),
(290, 300, '250.00', 151),
(291, 301, '350.00', 151),
(292, 302, '400.00', 151),
(293, 303, '350.00', 151),
(294, 304, '250.00', 151),
(295, 305, '250.00', 151),
(296, 306, '400.00', 151),
(297, 307, '250.00', 151),
(298, 308, '250.00', 151),
(299, 309, '300.00', 151),
(300, 310, '250.00', 151),
(301, 311, '250.00', 151),
(302, 312, '350.00', 151),
(303, 315, '250.00', 151),
(304, 316, '350.00', 151),
(305, 317, '250.00', 151),
(306, 318, '350.00', 151),
(307, 319, '370.00', 151),
(308, 320, '250.00', 151),
(309, 321, '350.00', 151),
(310, 322, '370.00', 151),
(311, 323, '380.00', 151),
(312, 325, '350.00', 151),
(313, 326, '400.00', 151),
(314, 327, '250.00', 151),
(315, 328, '430.00', 151),
(316, 329, '250.00', 151),
(317, 330, '350.00', 151),
(318, 331, '250.00', 151),
(319, 333, '700.00', 151),
(320, 334, '370.00', 151),
(321, 336, '250.00', 151),
(322, 337, '380.00', 151),
(323, 338, '700.00', 151),
(324, 339, '370.00', 151),
(325, 340, '250.00', 151),
(326, 341, '750.00', 151),
(327, 342, '280.00', 151),
(328, 343, '250.00', 151),
(329, 344, '250.00', 151),
(330, 345, '350.00', 151),
(331, 346, '450.00', 151),
(332, 348, '320.00', 151),
(333, 349, '250.00', 151),
(334, 350, '320.00', 151),
(335, 351, '380.00', 151),
(336, 355, '100.00', 151),
(337, 356, '250.00', 151),
(338, 357, '2350.00', 151),
(339, 358, '0.00', 151),
(340, 359, '0.00', 151),
(341, 360, '0.00', 151),
(342, 361, '220.00', 151),
(343, 362, '110.00', 151),
(344, 363, '500.00', 151),
(345, 364, '250.00', 151),
(346, 365, '2500.00', 151),
(347, 366, '825.00', 151),
(348, 367, '1600.00', 151),
(349, 368, '950.00', 151),
(350, 370, '1050.00', 151),
(351, 371, '700.00', 151),
(352, 372, '1550.00', 151),
(353, 374, '900.00', 151),
(354, 376, '1250.00', 151),
(355, 377, '600.00', 151),
(356, 378, '800.00', 151),
(357, 379, '2800.00', 151),
(358, 380, '2800.00', 151),
(359, 382, '220.00', 151),
(360, 383, '380.00', 151),
(361, 384, '250.00', 151),
(362, 385, '450.00', 151),
(363, 386, '350.00', 151),
(364, 387, '120.00', 151),
(365, 388, '380.00', 151),
(366, 389, '800.00', 151),
(367, 390, '50.00', 151),
(368, 391, '100.00', 151),
(369, 392, '700.00', 151),
(370, 393, '450.00', 151),
(371, 394, '1700.00', 151),
(372, 395, '700.00', 151),
(373, 396, '1600.00', 151),
(374, 397, '450.00', 151),
(375, 398, '200.00', 151),
(376, 399, '200.00', 151),
(377, 400, '3500.00', 151),
(378, 401, '50.00', 151),
(379, 402, '450.00', 151),
(380, 403, '330.00', 151),
(381, 404, '150.00', 151),
(382, 405, '350.00', 151),
(383, 406, '450.00', 151),
(384, 407, '3700.00', 151),
(385, 408, '1500.00', 151),
(386, 409, '5600.00', 151),
(387, 410, '300.00', 151),
(388, 411, '450.00', 151),
(389, 412, '90.00', 151),
(390, 413, '420.00', 151),
(391, 414, '150.00', 151),
(392, 416, '100.00', 151),
(393, 417, '800.00', 151),
(394, 418, '950.00', 151),
(395, 419, '3000.00', 151),
(396, 420, '250.00', 151),
(397, 421, '250.00', 151),
(398, 422, '130.00', 151),
(399, 423, '350.00', 151),
(400, 424, '550.00', 151),
(401, 425, '700.00', 151),
(402, 426, '250.00', 151),
(403, 427, '680.00', 151),
(404, 428, '1500.00', 151),
(405, 429, '2150.00', 151),
(406, 430, '750.00', 151),
(407, 431, '700.00', 151),
(408, 432, '700.00', 151),
(409, 433, '380.00', 151),
(410, 434, '450.00', 151),
(411, 435, '350.00', 151),
(412, 436, '5500.00', 151),
(413, 437, '250.00', 151),
(15415, 1, '135.00', 152),
(15417, 3, '150.00', 152);

-- --------------------------------------------------------

--
-- Table structure for table `price_version`
--

CREATE TABLE `price_version` (
  `PV_id` smallint(5) unsigned NOT NULL,
  `PV_user` int(10) unsigned NOT NULL,
  `PV_date` date NOT NULL,
  `PV_status` tinyint(1) unsigned NOT NULL
) ENGINE=InnoDB DEFAULT CHARSET=utf8 COLLATE=utf8_unicode_ci;

--
-- Dumping data for table `price_version`
--

INSERT INTO `price_version` (`PV_id`, `PV_user`, `PV_date`, `PV_status`) VALUES
(151, 2, '2014-01-06', 2),
(152, 2, '2015-06-24', 1);

-- --------------------------------------------------------

--
-- Table structure for table `referred_tbl`
--

CREATE TABLE `referred_tbl` (
  `referred_id` smallint(5) unsigned NOT NULL,
  `referred_name` varchar(100) COLLATE utf8_unicode_ci NOT NULL,
  `source_id` tinyint(3) unsigned NOT NULL
) ENGINE=InnoDB DEFAULT CHARSET=utf8 COLLATE=utf8_unicode_ci;

-- --------------------------------------------------------

--
-- Table structure for table `relation_type`
--

CREATE TABLE `relation_type` (
  `RT_id` tinyint(1) unsigned NOT NULL,
  `RT_name` varchar(20) COLLATE utf8_unicode_ci NOT NULL
) ENGINE=InnoDB DEFAULT CHARSET=utf8 COLLATE=utf8_unicode_ci;

--
-- Dumping data for table `relation_type`
--

INSERT INTO `relation_type` (`RT_id`, `RT_name`) VALUES
(1, 'Father'),
(2, 'Mother'),
(3, 'Spouse'),
(4, 'Daughter'),
(5, 'Son');

-- --------------------------------------------------------

--
-- Table structure for table `sample_collection_tbl`
--

CREATE TABLE `sample_collection_tbl` (
  `SC_sl` int(10) NOT NULL,
  `SC_receipt_no` varchar(15) COLLATE utf8_unicode_ci NOT NULL,
  `SC_collector_id` int(2) NOT NULL,
  `SC_status_id` int(2) NOT NULL,
  `SC_status_date1` datetime NOT NULL,
  `SC_status_date2` datetime NOT NULL
) ENGINE=InnoDB DEFAULT CHARSET=utf8 COLLATE=utf8_unicode_ci;

-- --------------------------------------------------------

--
-- Table structure for table `source_tbl`
--

CREATE TABLE `source_tbl` (
  `source_id` tinyint(3) unsigned NOT NULL,
  `source_name` varchar(100) COLLATE utf8_unicode_ci NOT NULL
) ENGINE=InnoDB DEFAULT CHARSET=utf8 COLLATE=utf8_unicode_ci;

--
-- Dumping data for table `source_tbl`
--

INSERT INTO `source_tbl` (`source_id`, `source_name`) VALUES
(7, 'ASHA'),
(14, 'C/O'),
(11, 'CHC'),
(9, 'Collection Centre'),
(4, 'Collector'),
(15, 'E-lab'),
(16, 'Fertility Centre'),
(17, 'Health Check Up Camp'),
(8, 'Hospital'),
(6, 'NGO'),
(13, 'Others'),
(12, 'Outsource'),
(10, 'PHC'),
(5, 'Runner'),
(3, 'Self / Walkin'),
(2, 'Staff');

-- --------------------------------------------------------

--
-- Table structure for table `state_tbl`
--

CREATE TABLE `state_tbl` (
  `state_id` tinyint(3) unsigned NOT NULL,
  `state_name` varchar(50) COLLATE utf8_unicode_ci NOT NULL
) ENGINE=InnoDB DEFAULT CHARSET=utf8 COLLATE=utf8_unicode_ci;

--
-- Dumping data for table `state_tbl`
--

INSERT INTO `state_tbl` (`state_id`, `state_name`) VALUES
(4, 'Assam'),
(7, 'Bihar'),
(3, 'Delhi'),
(1, 'Manipur'),
(2, 'Mizoram'),
(6, 'Myanmar'),
(5, 'Nagaland');

-- --------------------------------------------------------

--
-- Table structure for table `status_tbl`
--

CREATE TABLE `status_tbl` (
  `status_id` tinyint(3) unsigned NOT NULL,
  `status_name` varchar(30) COLLATE utf8_unicode_ci NOT NULL,
  `status_dept_id` tinyint(2) unsigned NOT NULL,
  `status_table` varchar(50) COLLATE utf8_unicode_ci NOT NULL,
  `status_column` varchar(40) COLLATE utf8_unicode_ci NOT NULL
) ENGINE=InnoDB DEFAULT CHARSET=utf8 COLLATE=utf8_unicode_ci;

--
-- Dumping data for table `status_tbl`
--

INSERT INTO `status_tbl` (`status_id`, `status_name`, `status_dept_id`, `status_table`, `status_column`) VALUES
(1, 'Pending', 3, 'fd_report', ''),
(2, '', 0, '', ''),
(3, 'Cancelled Test', 0, 'fd_report', ''),
(4, 'Cancelled ED', 0, 'fd_report', ''),
(5, 'Delivered', 3, 'fd_report', ''),
(7, 'Not Applicable', 0, 'lab', ''),
(8, 'Collected', 4, 'lab', ''),
(9, 'Collected-FF', 4, 'lab', ''),
(10, 'Collected-PP', 4, 'lab', ''),
(11, 'Report Available', 3, 'fd_report', ''),
(12, 'Report Return', 3, 'fd_report', ''),
(13, 'Active', 2, 'discount_holder', 'DH_status'),
(14, 'Disabled', 2, 'discount_holder', 'DH_status'),
(15, '3 Months', 2, 'discount_holder', 'DH_validity'),
(16, '6 Months', 2, 'discount_holder', 'DH_validity'),
(17, '12 Months', 2, 'discount_holder', 'DH_validity'),
(18, '24 Months', 2, 'discount_holder', 'DH_validity'),
(19, '36 Months', 2, 'discount_holder', 'DH_validity'),
(20, '4 Years', 3, 'discount_holder', 'DH_validity'),
(21, 'Swap', 3, 'audit_tbl', 'A_action'),
(22, 'Add', 0, 'audit_tbl', 'A_action'),
(23, 'Edit', 0, 'audit_tbl', 'A_action'),
(24, 'Cancel', 0, 'audit_tbl', 'A_action'),
(25, 'Status', 0, 'audit_tbl', 'A_action'),
(26, 'Patient Registration', 0, 'audit_tbl', 'A_book'),
(27, 'Patient Investigation', 0, 'audit_tbl', 'A_book'),
(28, 'Patient Discount', 0, 'audit_tbl', 'A_book'),
(29, 'Customer Profile', 0, 'audit_tbl', 'A_book'),
(30, 'Not Applicable', 0, 'audit_tbl', 'A_remark'),
(31, 'Wrong entry by Front Staff', 0, 'audit_tbl', 'A_remark'),
(32, 'Customer Request', 0, 'audit_tbl', 'A_remark'),
(33, 'Added', 0, 'template_name', 'TPN_status'),
(34, 'Used', 0, 'template_name', 'TPN_status'),
(35, 'Disabled', 0, 'template_name', 'TPN_status'),
(36, '', 0, '', ''),
(37, '', 0, '', '');

-- --------------------------------------------------------

--
-- Table structure for table `tax_tbl`
--

CREATE TABLE `tax_tbl` (
  `TX_id` int(10) unsigned NOT NULL,
  `TX_receipt_no` int(10) unsigned NOT NULL,
  `TX_value` decimal(6,2) NOT NULL
) ENGINE=InnoDB DEFAULT CHARSET=utf8 COLLATE=utf8_unicode_ci;

-- --------------------------------------------------------

--
-- Table structure for table `template_body`
--

CREATE TABLE `template_body` (
  `TPB_id` int(10) unsigned NOT NULL,
  `TPB_tpn_id` int(10) unsigned NOT NULL,
  `TPB_name` varchar(300) COLLATE utf8_unicode_ci NOT NULL,
  `TPB_row` tinyint(3) unsigned NOT NULL,
  `TPB_column` tinyint(3) unsigned NOT NULL
) ENGINE=InnoDB DEFAULT CHARSET=utf8 COLLATE=utf8_unicode_ci;

-- --------------------------------------------------------

--
-- Table structure for table `template_name`
--

CREATE TABLE `template_name` (
  `TPN_id` int(10) unsigned NOT NULL,
  `TPN_name` varchar(100) COLLATE utf8_unicode_ci NOT NULL,
  `TPN_test_id` int(10) unsigned NOT NULL,
  `TPN_total_row` tinyint(3) unsigned NOT NULL,
  `TPN_total_column` tinyint(3) unsigned NOT NULL,
  `TPN_status` tinyint(3) unsigned NOT NULL
) ENGINE=InnoDB DEFAULT CHARSET=utf8 COLLATE=utf8_unicode_ci;

-- --------------------------------------------------------

--
-- Table structure for table `template_value`
--

CREATE TABLE `template_value` (
  `TV_id` int(10) unsigned NOT NULL,
  `TV_template_body` int(10) unsigned NOT NULL,
  `TV_patient_test` int(10) unsigned NOT NULL,
  `TV_value` varchar(300) COLLATE utf8_unicode_ci NOT NULL,
  `TV_row` tinyint(3) unsigned NOT NULL,
  `TV_column` tinyint(3) unsigned NOT NULL
) ENGINE=InnoDB DEFAULT CHARSET=utf8 COLLATE=utf8_unicode_ci;

-- --------------------------------------------------------

--
-- Table structure for table `test_category`
--

CREATE TABLE `test_category` (
  `test_category_id` tinyint(3) unsigned NOT NULL,
  `test_category_name` varchar(50) COLLATE utf8_unicode_ci NOT NULL,
  `TC_dept_id` tinyint(3) unsigned NOT NULL
) ENGINE=InnoDB DEFAULT CHARSET=utf8 COLLATE=utf8_unicode_ci;

--
-- Dumping data for table `test_category`
--

INSERT INTO `test_category` (`test_category_id`, `test_category_name`, `TC_dept_id`) VALUES
(1, 'Histology', 5),
(2, 'Microbiology', 5),
(3, 'X-Ray', 8),
(4, 'Ultrasound', 6),
(5, 'Biochemistry', 5),
(6, 'Body Fluid', 5),
(7, 'ECG', 7),
(8, 'Haematology', 5),
(9, 'Serology', 5),
(10, 'Histopathology', 5),
(11, 'Clinical Pathology', 5),
(13, 'HORMONE', 5),
(14, 'CYTOLOGY', 5),
(15, 'CANCER MARKERS', 5);

-- --------------------------------------------------------

--
-- Table structure for table `test_old_price`
--

CREATE TABLE `test_old_price` (
  `OP_id` int(10) unsigned NOT NULL,
  `OP_test_id` int(10) unsigned NOT NULL,
  `OP_old_price` decimal(8,2) NOT NULL,
  `OP_user` int(10) unsigned NOT NULL,
  `OP_date` date NOT NULL
) ENGINE=InnoDB DEFAULT CHARSET=utf8 COLLATE=utf8_unicode_ci;

-- --------------------------------------------------------

--
-- Table structure for table `test_tbl`
--

CREATE TABLE `test_tbl` (
  `test_id` int(10) unsigned NOT NULL,
  `test_name` varchar(100) COLLATE utf8_unicode_ci NOT NULL,
  `test_short_form` varchar(20) COLLATE utf8_unicode_ci NOT NULL,
  `test_category_id` tinyint(3) unsigned NOT NULL,
  `test_price` decimal(8,2) NOT NULL
) ENGINE=InnoDB DEFAULT CHARSET=utf8 COLLATE=utf8_unicode_ci;

--
-- Dumping data for table `test_tbl`
--

INSERT INTO `test_tbl` (`test_id`, `test_name`, `test_short_form`, `test_category_id`, `test_price`) VALUES
(1, 'Absolute Eosinophil Count', 'AEC', 8, '135.00'),
(2, 'Anti Cyclic Citrullinated Peptide', 'ANTI - CCP', 13, '1780.00'),
(3, 'Absolute Lymphocyte Count', 'ALC', 8, '150.00'),
(4, 'Absolute Neutrophil Count', 'ANC', 8, '130.00'),
(5, 'Adenosine Deaminase', 'ADA', 5, '550.00'),
(6, 'ALFA FETO PROTEIN', 'AFP', 15, '800.00'),
(7, 'Albumin', 'Albumin', 5, '100.00'),
(8, 'Albumin / Creatinine Ratio', 'ACR', 5, '350.00'),
(9, 'Albumin Globulin Ratio', 'AGR', 5, '150.00'),
(10, 'Alkaline Phosphatase', 'ALP', 5, '130.00'),
(12, 'Amylase', 'AMYLASE', 5, '350.00'),
(13, 'Anti Mullerian Hormone', 'AMH', 13, '1600.00'),
(14, 'Anti Nuclear Antibody', 'ANA', 13, '770.00'),
(16, 'ANTI THYROID PEROXIDASE ', 'ANTI TPO', 13, '1250.00'),
(17, 'Anti ds DNA', 'ANTI DS DNA', 13, '900.00'),
(18, 'Antenatal Profile', 'ANTENATAL PROFILE', 5, '1700.00'),
(20, 'Ascitic Fluid', 'ASCITIC FLUID', 6, '350.00'),
(22, 'ANTI STEPTOLYSIN O', 'ASO', 9, '480.00'),
(23, 'BETA - HCG', 'BETA - HCG', 5, '600.00'),
(24, 'Bile Pigment', '', 11, '90.00'),
(25, 'Bile Salt', '', 11, '90.00'),
(26, 'Bilirubin ( Total & Conjugate)', 'Tsb', 5, '200.00'),
(27, 'Blast Cells', '', 8, '50.00'),
(28, 'Blood Grouping', 'ABO', 8, '90.00'),
(29, 'Blood RE', 'BLOOD RE', 8, '300.00'),
(30, 'BLEEDING TIME', 'BT', 8, '60.00'),
(31, 'BLOOD UREA NITROGEN', 'BUN', 5, '100.00'),
(32, 'CA 125', 'CA 125', 15, '990.00'),
(33, 'Calcium', 'CALCIUM', 5, '160.00'),
(34, 'Calcium Profile', 'CALCIUM PROFILE', 5, '430.00'),
(35, 'CARCINOEMBRYONIC ANTIGEN', 'CEA', 15, '650.00'),
(36, 'CHLORIDE', 'CL', 5, '130.00'),
(37, 'Cholesterol', 'CHOLESTEROL', 5, '200.00'),
(38, 'CREATININE KINASE - NAC', 'CK - NAC', 5, '250.00'),
(39, 'CKMB', 'CKMB', 5, '350.00'),
(40, 'Clot Retraction Time', 'CLOT RETRACTION TIME', 8, '80.00'),
(41, 'CMV IgG & IgM', 'CMV IgG &IgM', 13, '750.00'),
(42, 'CMV IgG', 'CMV IgG', 13, '400.00'),
(43, 'CMV IgM', 'CMV IgM', 13, '400.00'),
(44, 'Coagulation Profile', '', 8, '500.00'),
(45, 'Cold Agglutination', '', 8, '110.00'),
(46, 'Complete Haemogram', 'CBC', 8, '400.00'),
(47, 'COOMB''S Test - Direct', 'COOMBS TEST DIRECT', 8, '200.00'),
(48, 'COOMB''S Test - Indirect', 'COOMBS TEST INDIRECT', 8, '250.00'),
(49, 'Creatine Clearance', '', 5, '330.00'),
(50, 'C REACTIVE PROTEIN', 'CRP', 9, '350.00'),
(51, 'CEREBO SPINAL FLUID  ROUTINE EXAMINATION', 'CSF RE', 6, '350.00'),
(52, 'CLOTTING TIME', 'CT', 8, '60.00'),
(53, 'Creatinine', 'CREATININE', 5, '120.00'),
(54, 'Culture & Sensitivity', '', 2, '430.00'),
(55, 'Differential Leucocyte Count', 'DLC', 8, '90.00'),
(56, 'Duplicate Report', '', 0, '50.00'),
(57, 'Duplicate Report ', '', 0, '100.00'),
(58, 'ECG Auto', 'ECG - Auto', 7, '200.00'),
(60, 'Electrolyte', 'ELECTROLYTE', 5, '330.00'),
(61, 'ESR', 'ESR', 8, '90.00'),
(62, 'Estradiol-Oestradiol (E2)', 'Estradiol', 13, '480.00'),
(63, 'FIBRINOGEN DEGRADATION PRODUCTS', 'FDP', 5, '690.00'),
(64, 'FERRITIN', 'FERRITIN', 5, '550.00'),
(65, 'FINE NEEDLE ASPIRATION CYTOLOGY (One Site)', 'FNAC (ONE SITE)', 14, '350.00'),
(66, 'FINE NEEDLE ASPIRATION CYTOLOGY (Two Site)', 'FNAC (TWO SITE)', 14, '350.00'),
(67, 'FINE NEEDLE ASPIRATION CYTOLOGY  (Ultrasound Guide)', 'USG (FNAC)', 14, '770.00'),
(68, 'Free - T3', 'FREE - T3', 5, '350.00'),
(69, 'Free - T4', 'FREE - T4', 5, '350.00'),
(70, 'Free - T3 + T4', 'FREE - T3/T4', 5, '630.00'),
(71, 'FOLLICLE STIMULATING HORMONE', 'FSH', 13, '480.00'),
(72, 'Fungal Study', 'FUNGAL STUDY', 2, '150.00'),
(73, 'GCP -Dehydrogenation', 'GCP - DEHYDROGENATIO', 13, '350.00'),
(74, 'Gamma GT', 'GGT', 5, '150.00'),
(75, 'Geimsa Stain', 'GIMSA', 2, '430.00'),
(76, 'General Blood Pictures', 'GBP', 8, '100.00'),
(77, 'Glycosylated (HBA 1C)', 'HBa1C', 5, '490.00'),
(78, 'Globulin', 'GLOBULIN', 5, '70.00'),
(79, 'Gram Stain', 'GRAM STAIN', 2, '150.00'),
(80, 'Glucose Tolerance Test', 'GTT', 5, '370.00'),
(81, 'Glucose Tolerance Test 100 gms', 'GTT - 100gms', 5, '300.00'),
(82, 'Glucose Tolerance Test 3 Hrs', 'GTT - 3hrs', 5, '300.00'),
(83, 'H. Pylori', 'H. PYLORI', 2, '570.00'),
(84, 'Haemoglobin', 'Hb', 8, '80.00'),
(85, 'HBsAg', 'HBsAg', 9, '280.00'),
(86, 'Hepatitis A (HAV), IgG / IgM', '', 9, '1350.00'),
(87, 'Hepatitis A (HAV), IgG', '', 9, '800.00'),
(88, 'Hepatitis A (HAV), IgM', '', 9, '800.00'),
(89, 'Hepatitis C ', 'HCV', 9, '450.00'),
(90, 'HDL - Cholesterol', 'HDL', 5, '240.00'),
(91, 'HEV - IgG', 'HEV - IgG', 9, '550.00'),
(92, 'HIV / R - Antibody', 'RETRO', 9, '450.00'),
(93, 'BIOPSY (Big/Large)', 'BIOPSY (BIG/LARGE)', 10, '1100.00'),
(94, 'BIOPSY (Medium)', 'BIOPSY (MEDIUM)', 10, '650.00'),
(95, 'Homocystine', '', 5, '950.00'),
(96, 'HSV, IgG Antibody', '', 2, '480.00'),
(97, 'HSV, IgM Antibody', '', 2, '480.00'),
(98, 'HSV, IgG + IgM Antibody', '', 2, '950.00'),
(99, 'IGE Total', 'IGE TOTAL', 5, '600.00'),
(100, 'Inorganic Phosphorous', '', 5, '150.00'),
(101, 'IRON / TIBC / UIBC', '', 5, '400.00'),
(102, 'KIDNEY FUNCTION TEST/RENAL FUNCTION TEST', 'KFT/RFT', 5, '580.00'),
(103, 'L.E. Cell Test', '', 8, '180.00'),
(104, 'Lactate Dehydrogenase (LDH Serum)', 'LDH Serum', 5, '250.00'),
(105, 'LDL - Cholesterol', '', 13, '300.00'),
(107, 'LIVER FUNCTION TEST', 'LFT', 5, '650.00'),
(108, 'Luteinizing Hormone', 'LH', 13, '480.00'),
(109, 'Lipase', 'LIPASE', 5, '350.00'),
(110, 'Lipid Profile', 'LIPID PROFILE', 5, '700.00'),
(111, 'Magnesium', 'MG', 5, '300.00'),
(112, 'Malarial Parasite (OMT)', 'MP - OMT', 8, '350.00'),
(113, 'Malarial Parasite (SMEAR)', 'MP - SMEAR', 8, '100.00'),
(114, 'Malarial Parasite (QBC)', 'MP - QBC', 8, '350.00'),
(115, 'Mantoux Test', 'MX', 2, '100.00'),
(116, 'Malignant Cell (Body Fluid)', '', 14, '180.00'),
(117, 'Malignant Cell (Sputum)', '', 14, '180.00'),
(118, 'Malignant Cell ', '', 14, '180.00'),
(119, 'MEAN CELL VOLUME', 'MCV', 8, '50.00'),
(120, 'MEAN CELL HEMOGLOBIN', 'MCH', 8, '50.00'),
(121, 'MEAN CELL HEMOGLOBIN CORPUSCULAR', 'MCHC', 8, '50.00'),
(122, 'MYCODOT TB (IgG, IgM, ELISA)', 'MYCODOT IgG/IgM', 2, '1100.00'),
(123, 'MYCODOT Test', 'MYCODOT', 2, '500.00'),
(124, 'Nail Clipping For Fungus', '', 2, '150.00'),
(125, 'Nasal Discharge Eosinophil', '', 2, '120.00'),
(126, 'Occult Blood', '', 11, '130.00'),
(127, 'Osmotic Fragility', '', 8, '330.00'),
(128, 'OVA And CYST (Stool)', '', 11, '80.00'),
(129, 'PAP SMEAR', 'PAP SMEAR', 14, '250.00'),
(130, 'PAP STAIN', 'PAP STAIN', 14, '430.00'),
(131, 'Partial Thromboplastin Timekinase ', 'PTTK / APTT', 8, '330.00'),
(132, 'Haematocrit', 'PCV / HCT', 8, '90.00'),
(133, 'Platelet Count', 'PLATELET COUNT', 8, '90.00'),
(134, 'Pleural Fluid', '', 6, '350.00'),
(135, 'Lactate Dehydrogenase (LDH Fluid)', 'LDH Fluid', 6, '220.00'),
(136, 'Pericardial Fluid', '', 6, '350.00'),
(137, 'Peritoneal Fluid', '', 6, '350.00'),
(138, 'Potassium', '', 5, '130.00'),
(139, 'Pregnancy Test', '', 5, '110.00'),
(140, 'Prolactin', '', 5, '480.00'),
(141, 'Protein (Total, Albumin, Globulin)', '', 5, '120.00'),
(142, 'Prothrombin Time', 'PT', 5, '280.00'),
(143, 'PROSTATE SPECIFIC ANTIGEN (Free)', 'PSA (Free)', 15, '700.00'),
(144, 'PROSTATE SPECIFIC ANTIGEN (Total)', 'PSA (Total)', 15, '700.00'),
(146, 'PUS Culture', '', 2, '430.00'),
(148, 'RBC Count', 'RBC COUNT', 8, '90.00'),
(149, 'RWD', '', 8, '20.00'),
(150, 'Reticulocyte Count', '', 8, '150.00'),
(151, 'Rubella Antibodies IgG', '', 2, '400.00'),
(152, 'Rubella Antibodies IgM', '', 2, '400.00'),
(153, 'Rubella Antibodies IgG & IgM', '', 2, '750.00'),
(154, 'Rheumatoid Factor', 'RF', 2, '380.00'),
(155, 'Semen Analysis', 'SEMEN', 2, '350.00'),
(156, 'Seminal Culture', 'SEMEN C/S', 2, '430.00'),
(157, 'Serum Iron Profile', 'SIP', 5, '700.00'),
(158, 'Serum Iron', 'IRON', 5, '330.00'),
(159, 'SGOT / AST', 'SGOT / AST', 5, '130.00'),
(160, 'SGPT / ALT', 'SGPT / ALT', 5, '130.00'),
(161, 'Sickling Test', '', 8, '300.00'),
(162, 'Sodium', '', 5, '130.00'),
(163, 'Sputum AFB', 'SPUTUM AFB', 2, '150.00'),
(164, 'Sputum Culture & Sensitivity', 'SPUTUM C/S', 2, '430.00'),
(165, 'Stool RE', 'STOOL RE', 2, '150.00'),
(166, 'Stool Culture & Sensitivity', 'STOOL C/S', 2, '430.00'),
(167, 'Sugar (Fasting)', 'BSF', 5, '100.00'),
(168, 'Sugar (PP)', 'BSPP', 5, '100.00'),
(169, 'Sugar (Random)', 'RBS', 5, '100.00'),
(170, 'Synovial Fluid', '', 6, '350.00'),
(171, 'T3', 'T3', 5, '260.00'),
(172, 'T4', 'T4', 5, '260.00'),
(173, 'THYROID FUNCTION TEST', 'TFT', 5, '650.00'),
(174, 'Thyroid Stimulating Hormone', 'TSH', 13, '260.00'),
(175, 'Throat Culture (Swab)', 'THROAT C/S', 2, '430.00'),
(176, 'Torch (IgG / IgM)', 'TORCH', 5, '2500.00'),
(177, 'Total Leucocyte Count', 'TLC', 8, '90.00'),
(178, 'Toal Iron Binding Capacity', 'TIBC', 5, '110.00'),
(179, 'Total Granulocyte Count', 'TGC', 8, '80.00'),
(180, 'Toxoplasma Antibody (IgG)', '', 2, '400.00'),
(181, 'Toxoplasma Antibody (IgM)', '', 2, '400.00'),
(182, 'Triglyceride', '', 5, '200.00'),
(183, 'Troponin I', '', 5, '780.00'),
(184, 'Tiphidot Test', '', 9, '350.00'),
(186, 'Urea', 'UREA', 5, '120.00'),
(187, 'Uric Acid', 'Uric Acid', 5, '150.00'),
(188, 'Urinary Albumin 24hr / Random', '', 11, '350.00'),
(189, 'Urinary Amylase', '', 11, '350.00'),
(190, 'Urinary Calcium 24hrs Random', '', 11, '160.00'),
(191, 'Urinary Chloride 24hrs (RBS)', '', 11, '200.00'),
(192, 'Urinary Haemoglobin', '', 11, '100.00'),
(193, 'Urinary Malignant Cell', '', 11, '180.00'),
(194, 'Urinary Phosphorous 24hrs / Random', '', 11, '150.00'),
(195, 'Urinary Potassium 24hrs / Random', '', 11, '130.00'),
(196, 'Urinary Sodium 24hrs / Random', '', 11, '150.00'),
(197, 'Urinary Uric Acid 24hrs / Random', '', 11, '150.00'),
(198, 'Urinary Urea 24hrs / Random', '', 11, '120.00'),
(199, 'Urine SP-Gravity', '', 11, '40.00'),
(200, 'Urine (Bence John Protein)', '', 11, '100.00'),
(201, 'Urine AFB', 'Urine AFB', 11, '150.00'),
(202, 'Urine Creatinine 24hrs', '', 11, '120.00'),
(203, 'Urine Culture And Sensitivity', 'URINE C/S', 11, '430.00'),
(204, 'Urine Microalbumine', '', 11, '350.00'),
(205, 'Urine Protein 24hrs', '', 11, '220.00'),
(206, 'Urine Protein', '', 11, '50.00'),
(207, 'Urine Protein Creatinine Ratio', '', 11, '370.00'),
(208, 'Urine Ketone Bodies', '', 11, '90.00'),
(209, 'Urine RE', 'URINE R/E', 11, '130.00'),
(210, 'Urine Sugar', '', 11, '90.00'),
(211, 'Urobilinogen', '', 11, '60.00'),
(212, 'VDRL / RPR', 'VDRL / RPR', 9, '150.00'),
(213, 'Vaginal Swab', '', 2, '180.00'),
(214, 'Vaginal Swab Culture', '', 2, '430.00'),
(215, 'Vitamin D3', '', 5, '1700.00'),
(216, 'Widal', 'WIDAL', 9, '180.00'),
(217, 'USG (WHOLE ABDOMEN)', 'USG (W/A)', 4, '750.00'),
(218, 'USG W/A (Screening)', 'USG (W/A - SCREENING', 4, '500.00'),
(219, 'USG (Lower Abdomen)', 'USG (L/A)', 4, '450.00'),
(220, 'USG Lower Abdomen (Screening)', 'USG (L/A - SCREENING', 4, '350.00'),
(221, 'USG (Upper Abdomen)', 'USG (U/A)', 4, '450.00'),
(222, 'USG Upper Abdomen (Screening)', 'USG (U/A - SCREENING', 4, '350.00'),
(223, 'USG (KUB)', 'USG (KUB)', 4, '450.00'),
(224, 'USG KUB (Screening)', 'USG (KUB SCREENING)', 4, '350.00'),
(225, 'USG - Foetal Well Being ( FWB )', 'USG (FWB)', 4, '550.00'),
(226, 'USG - Foetal Well Being ( Screening)', 'USG (FWB (SCREENING)', 4, '350.00'),
(227, 'USG Trans Vaginal Sonography', 'USG (TVS)', 4, '480.00'),
(228, 'USG TVS With FCS', 'USG (TVS / FCS)', 4, '480.00'),
(229, 'USG Trans Vaginal Sonography (screening)', 'USG (TVS Screening)', 4, '350.00'),
(230, 'USG ( FCS )', 'USG (FCS)', 4, '350.00'),
(232, 'USG (Scrotum)', 'USG (SCROTUM)', 4, '750.00'),
(233, 'USG (Breast)', 'USG (BREAST)', 4, '750.00'),
(234, 'USG (Prostate)', 'USG (PROSTATE)', 4, '450.00'),
(235, 'USG (G.B. Area)', 'USG GB AREA', 4, '450.00'),
(236, 'USG (Pelvis)', 'USG (PELVIS)', 4, '450.00'),
(237, 'Whole Abdomen & T.V.S', 'WA/TVS', 4, '1150.00'),
(238, 'Whole Abdomen & F.W.B', 'WA / FWB', 4, '1250.00'),
(239, 'Blood Culture', 'BLOOD C / S', 2, '800.00'),
(240, 'Dorsal Spine AP / Lat', 'DS', 3, '380.00'),
(242, 'X - Ray Angiogram', 'Angiogram', 3, '370.00'),
(243, 'X - Ray Ankle Joint AP / LAT', 'Ankle Joint AP/LAT', 3, '350.00'),
(244, 'X - Ray Ankles AP / LAT(Both)', 'Ankle AP/LAT (BOTH)', 3, '480.00'),
(245, 'X - Ray Arm AP / LAT', 'Arm AP/LAT', 3, '350.00'),
(246, 'X - Ray Barium Enema - Fasting', 'Barium Enema Fasting', 3, '1200.00'),
(247, 'X - Ray Bariun Follow Through - Fasting', 'Barium Follow Throug', 3, '1200.00'),
(248, 'X - Ray Meal Stomach / Duodenum - Fasting', 'Meal Duodenem Fastin', 3, '1200.00'),
(249, 'X - Ray Barium Swallow Oesophagus', 'Barium Swallow Oesop', 3, '600.00'),
(250, 'X - Ray Base Of Skull ', 'Base Of Skull ', 3, '270.00'),
(251, 'X - Ray Calcaneum Axial View', 'Calcaneum Axil View', 3, '270.00'),
(252, 'X - Ray Cervical Flexion & Extension', 'Cervical Flexion & E', 3, '380.00'),
(253, 'X - Ray Cervical Spine Both Oblique', 'Cervical Spine Obliq', 3, '380.00'),
(254, 'X - Ray Cervical Spine AP/LAT', 'Cervical Spine AP/LA', 3, '400.00'),
(256, 'X - Ray Chest AP', 'Chest AP', 3, '270.00'),
(257, 'X - Ray Chest AP & LAT', 'Chest AP / LAT', 3, '490.00'),
(258, 'X - Ray Chest LAT View', 'Chest LAT VIEW', 3, '270.00'),
(259, 'X - Ray Chest PA View', 'CXR - PAV', 3, '270.00'),
(260, 'X - Ray Chest PA & LAT. View', 'Chest PA/LAT View', 3, '450.00'),
(261, 'X - Ray Chest Small', 'Chest Small', 3, '250.00'),
(262, 'X - Ray Clavicle', 'Clavicle', 3, '270.00'),
(263, 'X - Ray Dorso Lumbar Spine AP/LAT', 'DL SPINE AP/LAT', 3, '440.00'),
(264, 'X - Ray Elbow AP/LAT', 'Elbow AP/LAT', 3, '350.00'),
(265, 'X - Ray Elbows (Both)', 'Elbow (BOTH)', 3, '400.00'),
(266, 'X - Ray Feet AP/LAT', 'Feet AP/LAT', 3, '350.00'),
(267, 'X - Ray Feet (Both)', 'Feet (BOTH)', 3, '400.00'),
(268, 'X - Ray Femur AP', 'Femur AP', 3, '250.00'),
(269, 'X - Ray Femur AP/LAT', 'Femur AP/LAT', 3, '400.00'),
(270, 'X - Ray Forearm AP/LAT', 'Forearm AP/LAT', 3, '350.00'),
(271, 'X - Ray Forearms (Both)', 'Forearm (BOTH)', 3, '480.00'),
(272, 'X - Ray Hand AP/LAT', 'Hand AP/LAT', 3, '350.00'),
(273, 'X - Ray Hands (Both)', 'Hands (BOTH)', 3, '480.00'),
(274, 'X - Ray Heel', 'Heel', 3, '270.00'),
(275, 'X - Ray Heels (Both)', 'Heels (BOTH)', 3, '400.00'),
(276, 'X - Ray Hip  AP/LAT', 'Hip Join AP/LAT', 3, '380.00'),
(277, 'X - Ray Hip Join AP', 'Hip Join AP', 3, '270.00'),
(278, 'X - Ray Hip LAT', 'Hip LAT', 3, '270.00'),
(279, 'X - Ray Humerus AP/LAT', 'Humers AP/LAT', 3, '350.00'),
(280, 'X - Ray Hystero - S - Gram', 'HSG', 3, '1200.00'),
(281, 'X - Ray I.V.P Series', 'IVP', 3, '1200.00'),
(282, 'X - Ray K.U.B. ', 'KUB', 3, '270.00'),
(283, 'X - Ray Knee Joint AP/LAT', 'Knee Joint AP/LAT', 3, '400.00'),
(284, 'X - Ray Knee (Both) AP', 'Knee AP (BOTH)', 3, '250.00'),
(285, 'X - Ray L.S. Spine AP/LAT', 'LS SPINE AP/LAT', 3, '380.00'),
(286, 'X - Ray L.S. Spine Both Oblique View', 'LS Spine Both Obliqu', 3, '380.00'),
(287, 'X - Ray L.S. Spine Flexion & Extension', 'LS Spine Flexion & E', 3, '380.00'),
(288, 'X - Ray Leg AP/LAT', 'Leg AP/LAT', 3, '400.00'),
(289, 'X - Ray L.S. Spine Lateral View', 'LS Spine LAT View', 3, '270.00'),
(290, 'X - Ray Mandible AP/LAT', 'Mandible AP/LAT', 3, '250.00'),
(291, 'X - Ray Mandible Both LAT/Oblique', 'Mandible Both LAT/Ob', 3, '350.00'),
(292, 'X - Ray Mandible LAT Oblique', 'Mandible LAT Oblique', 3, '350.00'),
(293, 'X - Ray Mastoid (Law''s View)', 'Mastoid Law View', 3, '270.00'),
(294, 'X - Ray Mastoid (Town''s View/LAT)', 'Mastoid Town View/LA', 3, '380.00'),
(295, 'X - Ray Mastoid (Town''s  And Law''s View)', 'Mastoid (Town / Law ', 3, '380.00'),
(296, 'X - Ray Mastoid Town''s View', 'Mastoid Town View', 3, '270.00'),
(297, 'X - Ray Micturiting Cystourethrogram', 'Micturiting Cystoure', 3, '1200.00'),
(298, 'X - Ray Myelogram', 'Myelogram', 3, '750.00'),
(299, 'X - Ray Nasal Bone', 'Nasal Bone', 3, '270.00'),
(300, 'X - Ray Nasophyarynx LAT', 'Nasophyarynx LAT', 3, '270.00'),
(301, 'X - Ray  Foot AP/LAT', 'Foot AP/LAT', 3, '350.00'),
(302, 'X - Ray  Spine AP/LAT', 'Spine AP/LAT', 3, '400.00'),
(303, 'X - Ray Orbits AP / LAT View', 'Orbits AP/LAT', 3, '350.00'),
(304, 'X - Ray P.N.S', 'PNS', 3, '270.00'),
(305, 'X - Ray Patella', 'Patella', 3, '270.00'),
(306, 'X - Ray Pelvis AP / LAT', 'Pelvis AP/LAT', 3, '400.00'),
(307, 'X - Ray Pelvis Both S.I. Joint', 'Pelvis Both SI Joint', 3, '380.00'),
(308, 'X - Ray S.I. Joint', 'SI Joint', 3, '270.00'),
(309, 'X - Ray S.I. Joint Both Oblique', 'SI Joint Oblique', 3, '380.00'),
(310, 'X - Ray Scapula', 'Scapula', 3, '270.00'),
(311, 'X - Ray Shoulder', 'Shoulder', 3, '270.00'),
(312, 'X - Ray Shoulder AP / LAT', 'Shoulder AP/LAT', 3, '380.00'),
(315, 'X - Ray Skull (LAT)', 'Skull LAT', 3, '270.00'),
(316, 'X - Ray Skull AP / LAT', 'Skull AP/LAT', 3, '380.00'),
(317, 'X - Ray Soft Tissue Neck AP', 'Soft Tissue Neck AP', 3, '270.00'),
(318, 'X - Ray Soft Tissue Neck AP / Lateral', 'Soft Tissue Neck AP/', 3, '380.00'),
(319, 'X - Ray Sternum AP / Lat', 'Sternum AP/LAT', 3, '370.00'),
(320, 'X - Ray Sternum Lat', 'Sternum LAT', 3, '270.00'),
(321, 'X - Ray Thigh AP/LAT', 'Thigh AP/LAT', 3, '350.00'),
(322, 'X - Ray Thigh (Both)', 'Thinh (BOTH)', 3, '400.00'),
(323, 'X - Ray Thoraco Lumbar Spine', 'Thoraco Lumbar Spine', 3, '400.00'),
(325, 'X - Ray Wrist Joints AP / LAT', 'Wrist Joint AP/LAT', 3, '350.00'),
(326, 'X - Ray Wrists (BOTH)', 'Wrists (BOTH) ', 3, '400.00'),
(327, 'X - Ray Apicogram', 'Apicogram', 3, '270.00'),
(328, 'X - Ray Both T.M. Joint', 'Both TM Joint', 3, '450.00'),
(329, 'X - Ray Calcaneum', 'Calcaneum', 3, '270.00'),
(330, 'X - Ray Cocyx -AP / LAT', 'Cocyx AP/LAT', 3, '380.00'),
(331, 'X - Ray Dorso - Lumbar Spine - Lat View', 'DL Spine LAT', 3, '270.00'),
(333, 'X - Ray Retrograde Urethrogram', 'RGU', 3, '1200.00'),
(334, 'X - Ray S.I. Joint AP / Oblique', 'SI Joint AP/Oblique', 3, '400.00'),
(336, 'X - Ray Styloid Process', 'Styloid Process', 3, '270.00'),
(337, 'X - Ray T.M. Joint Open Mouth & Closed', 'TM Joint Open Mouth ', 3, '380.00'),
(338, 'X - Ray T - Tube Cholangiogram', 'T-Tube Cholangiogram', 3, '1200.00'),
(339, 'X - Ray Legs (Both)', 'Legs (BOTH)', 3, '370.00'),
(340, 'X - Ray  Abdomen ERECT AP', 'Abdomenn Erect AP', 3, '270.00'),
(341, 'Toxoplasma Antibody IgG, IgM', 'TOXO', 5, '750.00'),
(342, 'VLDL - Cholesterol', 'VLDL', 5, '280.00'),
(343, 'USG (APPENDIX AREA)', 'USG (APPENDIX AREA)', 4, '250.00'),
(344, 'USG (PERIUMBILICAL AREA)', 'USG', 4, '250.00'),
(345, 'USG (PELVIS + SCREENING)', 'USG', 4, '350.00'),
(346, 'USG (AXILLA)', 'USG', 4, '450.00'),
(348, 'X - RAY Thumb AP/LAT', 'THUMB AP/LAT', 3, '320.00'),
(349, 'X - Ray BIG TOE', 'BIG TOE', 3, '250.00'),
(350, 'X - RAY Finger AP/LAT', 'Finger AP/LAT', 3, '320.00'),
(351, 'X - RAY Dorsal Spine AP/LAT', 'Dorsal Spine AP/LAT', 3, '400.00'),
(355, 'LllYoyo', 'DfsY', 15, '100.00'),
(356, 'Courier Charge (Rs. 250)', 'CC250', 0, '250.00'),
(357, 'TB - Quantiferon', 'TBQ', 2, '2350.00'),
(358, 'HCV-RNA-Qualitative', 'HCV-RNA-QL', 2, '0.00'),
(359, 'HCV-RNA-Quantitative/Viral Load ', 'HCV-RNA-QT', 2, '0.00'),
(360, 'HCV-RNA-Genotype', 'HCV-RNA-G', 2, '0.00'),
(361, 'Urine Spot Protein', 'Urine Spot P', 0, '220.00'),
(362, 'Urine Spot Creatinine', 'Urine Spot Crea', 0, '120.00'),
(363, 'BIOPSY (SMALL)', 'BIOPSY SMALL)', 10, '500.00'),
(364, 'X - Ray L.S. Spine AP', 'LS SPINE AP', 3, '270.00'),
(365, 'Tacrolimus', 'TACROLIMUS', 0, '2500.00'),
(366, 'ANA By IF Pattern', 'IF PATTERN ANA', 0, '825.00'),
(367, 'ANCA', 'ANCA', 0, '1600.00'),
(368, 'ANTI TG', 'TG ANTI', 0, '950.00'),
(370, 'CA 19.9', '19.9 CA', 0, '1050.00'),
(371, 'Testesterone', 'TESTESTERONE', 0, '660.00'),
(372, 'PTH (IPTH)', '(IPTH) PTH', 0, '1450.00'),
(374, 'CD4 Count', 'CD4 COUNT', 0, '900.00'),
(376, 'CD8 Count', 'CD8 COUNT', 0, '1250.00'),
(377, 'Progesterone', 'PROGESTERONE', 0, '600.00'),
(378, 'Hb Electrophoresis', 'Hb - ELECTROPHORESIS', 0, '800.00'),
(379, 'Urine For VMA', 'VMA - URINE', 0, '2800.00'),
(380, 'Urine For VMA', 'VMA - URINE', 0, '2800.00'),
(382, 'Medicine Charge', 'MEDICINE CHARGE', 3, '220.00'),
(383, 'Fungal Culture', 'FUNGAL C/S', 2, '430.00'),
(384, 'X - Ray Wrists Joint', 'Wrists Joint', 3, '270.00'),
(385, 'USG Whole Of The Guteal Mass', 'USG Guteal Mass', 4, '450.00'),
(386, 'Typhidot / Enteriocheck', 'TYPHIDOT', 9, '350.00'),
(387, 'Bleeding Time, Clotting Time', 'BT, CT', 8, '120.00'),
(388, 'X - Ray Lumbar Spine Ap/lateral', 'X-ray Lumbar Spine A', 3, '380.00'),
(389, 'Bicarbonate (HCO 3)', 'Bica', 5, '800.00'),
(390, 'Night Charge', 'NC', 4, '50.00'),
(391, 'Hepatitis B (revac - B) Vaccination', 'Revac - B', 0, '100.00'),
(392, 'USG (THYROID)', 'THYROID (USG)', 4, '750.00'),
(393, 'USG (INGURAL REGION)', '(USG)INGURAL REGION', 4, '450.00'),
(394, 'Antinatal Profile', 'ANTI PROFILE', 0, '1800.00'),
(395, 'USG Bilateral Breast', 'USG (BILATERAL BREAS', 4, '700.00'),
(396, 'APLA', 'Apla', 2, '1450.00'),
(397, 'USG ( NECK )', 'Usg Neck', 4, '700.00'),
(398, 'Issue Of Block And Slide', 'Block And Slide', 11, '200.00'),
(399, 'MER', 'MER', 0, '200.00'),
(400, 'Renal Biopsy For Light Microscopy And IF', 'RENAL BIOPSY', 0, '3500.00'),
(401, 'UPT Kit', 'UPT KIT', 4, '50.00'),
(402, 'USG Of The Abscess Gluteal Region', 'GLUTEAL REGION', 4, '450.00'),
(403, 'Fluid Analysis R/E', 'Fluid R/E', 10, '330.00'),
(404, 'Fluid Analysis AFB', 'FLUID AFB', 10, '150.00'),
(405, 'FNAC Of The Thyroid Nodule', 'FNAC THYROID NODULE', 11, '350.00'),
(406, 'USG (Breast One Site)', 'USG (BREAST) ', 4, '450.00'),
(407, 'HCV - Qualitative', 'HCV - (QUALITATIVE)', 0, '3700.00'),
(408, 'HCV Qualitative', 'Hcv', 2, '1500.00'),
(409, 'HBV - Quantitative ', 'HBV - QT', 0, '5600.00'),
(410, 'HbeAg', 'HbeAg', 2, '300.00'),
(411, 'USG (Scrotum)', 'USG - SCROTUM', 4, '450.00'),
(412, 'Stool For Hanging', 'Stool', 2, '90.00'),
(413, 'Scrub Typhus Antibody', 'SCRUB TYPHUS - Ab', 2, '420.00'),
(414, 'Pus For AFB Stain', 'Pus AFB', 2, '150.00'),
(416, 'OPD (Out Patient Department)', 'OPD', 0, '100.00'),
(417, 'HIV P-24', 'HIV P-24', 9, '800.00'),
(418, 'Pus AFB Culture', 'PUS (AFB) CULTURE ', 2, '950.00'),
(420, 'X - Ray Abdomen Erect PA', 'Abdomen Erect PA', 3, '250.00'),
(421, 'X - Ray Abdomen Supine AP', 'Abdomen Supine AP', 3, '250.00'),
(422, 'Scrapping (Leg Skin Lesion)', 'Scrapping Leg Skin L', 2, '130.00'),
(423, 'Nasal Bone AP/LAT', 'Nasal', 3, '350.00'),
(424, 'C3 Compliment', 'C3', 9, '550.00'),
(425, 'Cryoglobulins', 'Cryoglobulins', 9, '700.00'),
(426, 'X - Ray Pelvis ', 'X - RAY PELVIS ', 3, '290.00'),
(427, 'Serum Insulin (fasting)', 'SER. INSULIN (fASTIN', 0, '680.00'),
(428, 'Lupus Anticoagulants (LAC)', 'LUPUS (LAC)', 0, '1500.00'),
(429, 'Anti - Cardiolipin / Cardiolipin Antibody ( IgA, IgG, IgM )', 'ACL', 0, '2150.00'),
(430, 'Anti - Cardiolipin / Cardiolipin Antibody - ( IgA )', 'ACL - IgA', 0, '750.00'),
(431, 'Anti - Cardiolipin / Cardiolipin Antibody - (igG)', 'ACL - (IgG)', 0, '700.00'),
(432, 'Anti - Cardiolipin / Cardiolipin Antibody - (igM)', 'ACL - (IgM)', 0, '700.00'),
(433, 'C/s  Of Skin', 'C/s Of Skin Swap', 10, '380.00'),
(434, 'USG Calf', 'Calf', 4, '450.00'),
(435, 'Minor OT Charge', 'OT', 10, '350.00'),
(436, 'ALPA Panel', 'ALPA ', 13, '5500.00'),
(437, 'X- Ray Forearm AP', 'Forearm', 3, '250.00'),
(438, 'Pleural Fluid Culture And Sensitivity', 'Plueral Fluid C/s', 10, '430.00'),
(439, 'USG (Thigh)', 'USG (thigh)', 4, '450.00'),
(440, 'PTH (iPTH)', 'PTH (IPTH)', 0, '1290.00'),
(441, 'Free Testesterone', 'Free Testesterone', 0, '1200.00'),
(442, 'Serum Or Protein Electrophoresis', 'Serum Or Protein Ele', 0, '800.00'),
(443, 'Serum Insulin', 'S. Insulin', 0, '680.00'),
(444, 'Peritonal Fluid For Culture And Sensitivity', 'Body Fluid C/S', 2, '430.00'),
(445, 'Sterile Culture', 'Culture', 2, '380.00'),
(446, 'Swab Culture', 'Swab', 2, '430.00'),
(447, 'Biopsy Large ', 'BL(extra 20%)', 1, '1320.00'),
(448, 'Triple Marker Test', 'TMT', 0, '2400.00'),
(449, 'X-Ray Both Knee AP/LAT', 'Knee', 3, '700.00'),
(450, 'Quadruple Marker Test', 'Marker', 0, '2500.00'),
(451, 'UGI Endoscopy', 'Endoscopy', 4, '1000.00'),
(452, 'Creatinine Phosphokinase [CPK]', 'CPK', 5, '240.00'),
(453, 'Vitamin B12', 'Vit B', 5, '880.00'),
(454, 'HBV-DNA_QT', 'Hbv', 9, '2500.00'),
(455, 'HCV-QT, GENOTYPE(SUBSIDIZED)', 'HCV', 9, '4760.00'),
(456, 'HCV RNA Quantitive(Subsidize)', 'HCV QT', 9, '3000.00'),
(457, 'HCV Genotype(Subsidize)', 'HCV Genotype', 9, '4000.00'),
(458, 'Urine Microscopy', 'UM', 8, '60.00'),
(459, 'MTB-PCR', 'MTB', 13, '1900.00'),
(460, 'Dengue', 'Dengue', 1, '1600.00'),
(461, 'Cytology Exam ', 'Cytology', 14, '120.00'),
(462, 'X - Ray Heel Lat/axial', ' Heel ', 3, '350.00'),
(463, 'Dengue IgG/IgM', 'DENGUE', 0, '1600.00'),
(464, 'SCL 70 Antibody', 'SCL', 9, '1300.00'),
(465, 'Troponin T', 'Trop', 15, '730.00'),
(466, 'Wound Culture And Sensitivity', 'Wound C/S', 0, '430.00'),
(467, 'X-Ray Secro Eliac Joint AP/Lat', 'Secro', 3, '350.00'),
(468, 'X-Ray Pariotid Gland', 'Parotic Gland', 3, '250.00'),
(469, 'X-Ray Pariotid Gland', 'Pariotid Gland', 3, '350.00'),
(470, 'CA 19.9', 'CA', 2, '1050.00'),
(471, 'Estrogen', 'Estrogen', 5, '700.00'),
(472, 'Allergy Panel', 'Allergy Panel', 2, '6300.00'),
(473, 'ACHR Antiboby', 'ACHR', 2, '2950.00'),
(474, 'Musk Antiboby', 'Musk', 2, '5000.00'),
(475, 'Urine Albumin', 'Urine Albumin', 8, '40.00'),
(476, 'Anti HbeAg', 'Anti HbeAg', 9, '900.00'),
(477, 'Renal Biopsy For Light Microscopy', 'Light Microscopy', 10, '2000.00'),
(479, 'USG Posterior Cervical Region', 'USG Cervical', 4, '450.00'),
(480, 'Cardiac Marker', 'Cam', 5, '1610.00'),
(481, 'X - Ray Urethrocystogram', 'Urethro', 3, '1200.00'),
(482, 'X - Ray Thigh', 'Thigh', 3, '270.00'),
(483, 'X - Ray T.M. Joint', 'T.M. Joint', 3, '270.00'),
(484, 'X - Ray Soft Tissue Neck', 'Soft Tissue Neck', 3, '270.00'),
(485, 'X - Ray Sinogram', 'Sinogram', 3, '1200.00'),
(486, 'X - Ray Sialogram', 'Sialogram', 3, '1200.00'),
(487, 'X -ray Patella Skyline View', 'Patella Skyline', 3, '270.00'),
(488, 'X- Ray Foot', 'Foot', 3, '270.00'),
(489, 'X- Ray Mandible', 'Mandible', 3, '270.00'),
(490, 'X- Ray Leg', 'Leg', 3, '270.00'),
(491, 'X- Ray Knee Joint', 'Knee Joint', 3, '270.00'),
(492, 'X -Ray Hand ', 'Hand', 3, '270.00'),
(493, 'X -ray Elbow', 'Elbow', 3, '270.00'),
(494, 'X- Ray Fistulogram', 'Fistulogram', 3, '1200.00'),
(495, 'X -ray Forearm', 'Forearm', 3, '270.00'),
(496, 'USG Guided', 'Usg(Guided)', 4, '250.00'),
(497, 'Collection Charge(Endoscopy)', 'Cc', 3, '100.00'),
(498, 'X-Ray PNS Lat.', 'PNS', 3, '270.00'),
(499, 'HIV - RNA 1 (Quantitative) ', 'HIV - RNA 1 (QT)', 2, '4800.00'),
(500, 'HIV - RNA 2 (Quantitative)', 'HIV - RNA 2', 2, '5500.00'),
(501, 'HIV - 1 Drug Resistance Test', 'HIV - 1 Drug Resista', 2, '13900.00'),
(502, 'Acid Phosphatase', 'Acid', 15, '350.00'),
(503, 'Anti RO (SSA)', 'SSA', 0, '1300.00'),
(504, 'Anti LA (SSB)', 'SSB', 0, '1300.00'),
(505, 'ASMA', 'Asma', 2, '1600.00'),
(506, 'Anti-LKM', 'LKM', 2, '1600.00'),
(507, 'Big Toe AP/LAT', 'Toe', 3, '350.00'),
(508, 'USG (Ankle Joint)', 'USG (Ankle Joint)', 4, '450.00'),
(509, 'HEV - IgG/IgM', 'HEV - IgG/IgM', 5, '950.00'),
(510, 'HCV-Genotyping', 'HCV', 10, '3000.00'),
(511, 'HLA- B27', 'HLA', 10, '1900.00'),
(512, 'X - Ray Nasal Bone (Both Lateral)', 'Nasal Bone (Both Lat', 3, '350.00'),
(513, 'HBV-DNA', 'HBV', 9, '3700.00'),
(514, 'USG Kidney Area( One Site)', 'Kidney', 4, '100.00'),
(515, 'USG(Rt. Shoulder & Supra Scapular Area)', 'USG Shoulder', 4, '450.00'),
(516, 'X - Ray Scapula Ap/lat', 'X - Ray Scapula Apl/', 3, '350.00');

-- --------------------------------------------------------

--
-- Table structure for table `user_table`
--

CREATE TABLE `user_table` (
  `user_id` int(10) unsigned NOT NULL,
  `user_name` varchar(50) COLLATE utf8_unicode_ci NOT NULL,
  `user_password` varchar(50) COLLATE utf8_unicode_ci NOT NULL,
  `name` varchar(50) COLLATE utf8_unicode_ci NOT NULL,
  `surname` varchar(20) COLLATE utf8_unicode_ci NOT NULL,
  `user_dept_id` tinyint(3) unsigned NOT NULL,
  `user_date` datetime NOT NULL,
  `user_status` tinyint(3) unsigned NOT NULL
) ENGINE=InnoDB DEFAULT CHARSET=utf8 COLLATE=utf8_unicode_ci;

--
-- Dumping data for table `user_table`
--

INSERT INTO `user_table` (`user_id`, `user_name`, `user_password`, `name`, `surname`, `user_dept_id`, `user_date`, `user_status`) VALUES
(1, 'super', '01cfcd4f6b8770febfb40cb906715822', 'Super Admin', '', 1, '0000-00-00 00:00:00', 1),
(2, 'admin', '01cfcd4f6b8770febfb40cb906715822', 'ED Admin', 'Hr Dept', 2, '2014-05-15 10:53:08', 1),
(1615, 'test', '827ccb0eea8a706c4c34a16891f84e7b', 'Test', 'Test', 3, '2016-04-06 12:10:30', 1);

--
-- Indexes for dumped tables
--

--
-- Indexes for table `audit_tbl`
--
ALTER TABLE `audit_tbl`
  ADD PRIMARY KEY (`A_id`);

--
-- Indexes for table `card_holder`
--
ALTER TABLE `card_holder`
  ADD PRIMARY KEY (`DH_id`),
  ADD KEY `DH_patient_id` (`DH_patient_id`),
  ADD KEY `DH_patient_id_2` (`DH_patient_id`),
  ADD KEY `DH_validity` (`DH_validity`);

--
-- Indexes for table `card_validity`
--
ALTER TABLE `card_validity`
  ADD PRIMARY KEY (`CV_id`);

--
-- Indexes for table `counter_tbl`
--
ALTER TABLE `counter_tbl`
  ADD PRIMARY KEY (`counter_id`);

--
-- Indexes for table `department_tbl`
--
ALTER TABLE `department_tbl`
  ADD PRIMARY KEY (`department_id`),
  ADD UNIQUE KEY `department_name` (`department_name`);

--
-- Indexes for table `designation_tbl`
--
ALTER TABLE `designation_tbl`
  ADD PRIMARY KEY (`designation_id`),
  ADD UNIQUE KEY `designation_name` (`designation_name`);

--
-- Indexes for table `discount_tbl`
--
ALTER TABLE `discount_tbl`
  ADD PRIMARY KEY (`disc_code_sl`);

--
-- Indexes for table `district_tbl`
--
ALTER TABLE `district_tbl`
  ADD PRIMARY KEY (`district_id`),
  ADD UNIQUE KEY `district_name` (`district_name`);

--
-- Indexes for table `dr_clinic_tbl`
--
ALTER TABLE `dr_clinic_tbl`
  ADD PRIMARY KEY (`DC_id`);

--
-- Indexes for table `dr_cur_address`
--
ALTER TABLE `dr_cur_address`
  ADD PRIMARY KEY (`DCA_id`);

--
-- Indexes for table `dr_family_tbl`
--
ALTER TABLE `dr_family_tbl`
  ADD PRIMARY KEY (`DF_id`);

--
-- Indexes for table `dr_info`
--
ALTER TABLE `dr_info`
  ADD PRIMARY KEY (`dr_id`),
  ADD UNIQUE KEY `dr_name` (`dr_name`),
  ADD UNIQUE KEY `dr_name_2` (`dr_name`);

--
-- Indexes for table `dr_profile`
--
ALTER TABLE `dr_profile`
  ADD PRIMARY KEY (`dp_id`);

--
-- Indexes for table `emp_cur_address`
--
ALTER TABLE `emp_cur_address`
  ADD PRIMARY KEY (`ECA_id`),
  ADD UNIQUE KEY `ECA_ei_id` (`ECA_ei_id`);

--
-- Indexes for table `emp_exit_tbl`
--
ALTER TABLE `emp_exit_tbl`
  ADD PRIMARY KEY (`EE_id`),
  ADD UNIQUE KEY `EE_ei_id` (`EE_ei_id`);

--
-- Indexes for table `emp_family`
--
ALTER TABLE `emp_family`
  ADD PRIMARY KEY (`EF_id`);

--
-- Indexes for table `emp_info`
--
ALTER TABLE `emp_info`
  ADD PRIMARY KEY (`EI_id`),
  ADD UNIQUE KEY `EI_name` (`EI_name`);

--
-- Indexes for table `emp_letter`
--
ALTER TABLE `emp_letter`
  ADD PRIMARY KEY (`EL_id`);

--
-- Indexes for table `emp_prev_experience`
--
ALTER TABLE `emp_prev_experience`
  ADD PRIMARY KEY (`PE_id`);

--
-- Indexes for table `emp_qualification`
--
ALTER TABLE `emp_qualification`
  ADD PRIMARY KEY (`emp_qualf_id`);

--
-- Indexes for table `emp_tbl`
--
ALTER TABLE `emp_tbl`
  ADD PRIMARY KEY (`ET_id`);

--
-- Indexes for table `expenditure`
--
ALTER TABLE `expenditure`
  ADD PRIMARY KEY (`EX_id`);

--
-- Indexes for table `gender_tbl`
--
ALTER TABLE `gender_tbl`
  ADD PRIMARY KEY (`gender_id`);

--
-- Indexes for table `lab_note`
--
ALTER TABLE `lab_note`
  ADD PRIMARY KEY (`LB_id`),
  ADD KEY `LB_user` (`LB_user`),
  ADD KEY `LB_receipt_no` (`LB_receipt_no`);

--
-- Indexes for table `lab_status`
--
ALTER TABLE `lab_status`
  ADD PRIMARY KEY (`LAB_status_sl`);

--
-- Indexes for table `letter_type_tbl`
--
ALTER TABLE `letter_type_tbl`
  ADD PRIMARY KEY (`letter_type_id`);

--
-- Indexes for table `marital_tbl`
--
ALTER TABLE `marital_tbl`
  ADD PRIMARY KEY (`marital_id`);

--
-- Indexes for table `patient_history`
--
ALTER TABLE `patient_history`
  ADD PRIMARY KEY (`PH_id`),
  ADD KEY `PH_patient_id` (`PH_patient_id`);

--
-- Indexes for table `patient_info`
--
ALTER TABLE `patient_info`
  ADD PRIMARY KEY (`PI_id`),
  ADD KEY `PI_name` (`PI_name`);

--
-- Indexes for table `patient_payment`
--
ALTER TABLE `patient_payment`
  ADD PRIMARY KEY (`PP_sl`),
  ADD KEY `PP_bal` (`PP_bal`),
  ADD KEY `PP_receipt_no` (`PP_receipt_no`);

--
-- Indexes for table `patient_registration`
--
ALTER TABLE `patient_registration`
  ADD PRIMARY KEY (`pr_receipt_no`),
  ADD KEY `pr_date` (`pr_date`),
  ADD KEY `pr_source_id` (`pr_source_id`),
  ADD KEY `pr_referred_id` (`pr_referred_id`),
  ADD KEY `pr_status_id` (`pr_status_id`),
  ADD KEY `pr_dr_prescription` (`pr_dr_prescription`);

--
-- Indexes for table `patient_test`
--
ALTER TABLE `patient_test`
  ADD PRIMARY KEY (`PT_sl`),
  ADD UNIQUE KEY `PT_sl` (`PT_sl`);

--
-- Indexes for table `patient_transaction`
--
ALTER TABLE `patient_transaction`
  ADD PRIMARY KEY (`TR_id`);

--
-- Indexes for table `pin_tbl`
--
ALTER TABLE `pin_tbl`
  ADD PRIMARY KEY (`pin_id`);

--
-- Indexes for table `price_dump`
--
ALTER TABLE `price_dump`
  ADD PRIMARY KEY (`PD_sl`);

--
-- Indexes for table `price_version`
--
ALTER TABLE `price_version`
  ADD PRIMARY KEY (`PV_id`);

--
-- Indexes for table `referred_tbl`
--
ALTER TABLE `referred_tbl`
  ADD PRIMARY KEY (`referred_id`),
  ADD UNIQUE KEY `referred_name` (`referred_name`);

--
-- Indexes for table `sample_collection_tbl`
--
ALTER TABLE `sample_collection_tbl`
  ADD PRIMARY KEY (`SC_sl`);

--
-- Indexes for table `source_tbl`
--
ALTER TABLE `source_tbl`
  ADD PRIMARY KEY (`source_id`),
  ADD UNIQUE KEY `source_name` (`source_name`);

--
-- Indexes for table `state_tbl`
--
ALTER TABLE `state_tbl`
  ADD PRIMARY KEY (`state_id`),
  ADD UNIQUE KEY `state_name` (`state_name`);

--
-- Indexes for table `status_tbl`
--
ALTER TABLE `status_tbl`
  ADD PRIMARY KEY (`status_id`);

--
-- Indexes for table `tax_tbl`
--
ALTER TABLE `tax_tbl`
  ADD PRIMARY KEY (`TX_id`),
  ADD UNIQUE KEY `TX_receipt_no` (`TX_receipt_no`);

--
-- Indexes for table `template_body`
--
ALTER TABLE `template_body`
  ADD PRIMARY KEY (`TPB_id`);

--
-- Indexes for table `template_name`
--
ALTER TABLE `template_name`
  ADD PRIMARY KEY (`TPN_id`),
  ADD UNIQUE KEY `TPN_name` (`TPN_name`),
  ADD KEY `TPN_name_2` (`TPN_name`),
  ADD KEY `TPN_name_3` (`TPN_name`);

--
-- Indexes for table `template_value`
--
ALTER TABLE `template_value`
  ADD PRIMARY KEY (`TV_id`),
  ADD KEY `TV_template_body` (`TV_template_body`),
  ADD KEY `TV_patient_test` (`TV_patient_test`);

--
-- Indexes for table `test_category`
--
ALTER TABLE `test_category`
  ADD PRIMARY KEY (`test_category_id`),
  ADD UNIQUE KEY `test_category_name` (`test_category_name`);

--
-- Indexes for table `test_old_price`
--
ALTER TABLE `test_old_price`
  ADD PRIMARY KEY (`OP_id`),
  ADD KEY `OP_test_id` (`OP_test_id`),
  ADD KEY `OP_user` (`OP_user`);

--
-- Indexes for table `test_tbl`
--
ALTER TABLE `test_tbl`
  ADD PRIMARY KEY (`test_id`);

--
-- Indexes for table `user_table`
--
ALTER TABLE `user_table`
  ADD PRIMARY KEY (`user_id`),
  ADD UNIQUE KEY `user_id_2` (`user_id`),
  ADD UNIQUE KEY `user_name` (`user_name`),
  ADD UNIQUE KEY `username_index` (`user_name`),
  ADD KEY `user_id` (`user_id`),
  ADD KEY `user_id_3` (`user_id`);

--
-- Constraints for dumped tables
--

--
-- Constraints for table `template_value`
--
ALTER TABLE `template_value`
  ADD CONSTRAINT `fk_tvalue_tbody` FOREIGN KEY (`TV_template_body`) REFERENCES `template_body` (`TPB_id`) ON DELETE NO ACTION ON UPDATE NO ACTION;

/*!40101 SET CHARACTER_SET_CLIENT=@OLD_CHARACTER_SET_CLIENT */;
/*!40101 SET CHARACTER_SET_RESULTS=@OLD_CHARACTER_SET_RESULTS */;
/*!40101 SET COLLATION_CONNECTION=@OLD_COLLATION_CONNECTION */;
